order_id,order_date,customer_id,customer_segment,product_category,product_name,quantity,unit_price,total_sales,profit,city,state,payment_method,shipping_type,delivery_days,month
ORD-100001,2024-09-07,CUST-1733,Corporate,Beauty,Face Serum,1,1217.64,1217.64,339.81,Ahmedabad,Gujarat,Credit Card,Standard,4,2024-09
ORD-100002,2024-01-07,CUST-1826,Consumer,Electronics,Smart Watch,3,6010.58,18031.739999999998,2308.7,Mumbai,Maharashtra,Credit Card,Standard,6,2024-01
ORD-100003,2024-10-27,CUST-1284,Consumer,Electronics,Laptop,3,72080.02,216240.06,36231.81,Bengaluru,Karnataka,Cash on Delivery,Standard,5,2024-10
ORD-100004,2024-09-30,CUST-1863,Corporate,Electronics,Wireless Earbuds,3,4424.85,13274.550000000001,1280.01,Hyderabad,Telangana,UPI,Same Day,1,2024-09
ORD-100005,2024-03-08,CUST-1764,Consumer,Grocery,Dry Fruit Box,1,1601.62,1601.62,213.28,Delhi,Delhi,Cash on Delivery,Standard,5,2024-03
ORD-100006,2024-05-21,CUST-1994,Consumer,Fashion,Women's Kurti,2,1358.18,2716.36,530.64,Indore,Madhya Pradesh,Net Banking,Standard,7,2024-05
ORD-100007,2025-07-03,CUST-1891,Consumer,Beauty,Face Serum,3,1040.45,3121.3500000000004,688.12,Kolkata,West Bengal,Cash on Delivery,Same Day,0,2025-07
ORD-100008,2024-06-14,CUST-1246,Small Business,Home & Kitchen,Cookware Set,2,3843.05,7686.1,1375.03,Hyderabad,Telangana,Net Banking,Express,2,2024-06
ORD-100009,2025-06-29,CUST-1408,Small Business,Electronics,Laptop,3,53125.08,159375.24,21161.11,Jaipur,Rajasthan,Credit Card,Standard,5,2025-06
ORD-100010,2024-09-10,CUST-1285,Corporate,Fashion,Ethnic Saree,1,3220.29,3220.29,683.4,Delhi,Delhi,UPI,Same Day,0,2024-09
ORD-100011,2024-09-05,CUST-1745,Consumer,Electronics,Smart Watch,3,8483.78,25451.340000000004,2726.78,Pune,Maharashtra,Cash on Delivery,Express,2,2024-09
ORD-100012,2024-05-23,CUST-1170,Consumer,Fashion,Women's Kurti,1,1436.99,1436.99,444.4,Chennai,Tamil Nadu,Credit Card,Same Day,0,2024-05
ORD-100013,2024-01-03,CUST-1222,Small Business,Grocery,Basmati Rice Pack,5,1049.68,5248.400000000001,732.85,Hyderabad,Telangana,Credit Card,Express,2,2024-01
ORD-100014,2025-08-21,CUST-1592,Consumer,Home & Kitchen,Bedsheet Set,2,2047.37,4094.74,822.79,Bengaluru,Karnataka,Credit Card,Express,2,2025-08
ORD-100015,2024-11-19,CUST-1636,Small Business,Fashion,Ethnic Saree,4,3096.48,12385.92,2643.35,Pune,Maharashtra,Net Banking,Express,2,2024-11
ORD-100016,2024-05-15,CUST-1954,Corporate,Electronics,Bluetooth Speaker,4,3154.6,12618.4,2134.2,Chennai,Tamil Nadu,Net Banking,Same Day,1,2024-05
ORD-100017,2025-07-20,CUST-1849,Consumer,Electronics,Smartphone,1,21095.62,21095.62,2298.51,Lucknow,Uttar Pradesh,UPI,Same Day,1,2025-07
ORD-100018,2025-03-28,CUST-1042,Consumer,Grocery,Dry Fruit Box,2,1399.65,2799.3,290.14,Hyderabad,Telangana,Cash on Delivery,Standard,5,2025-03
ORD-100019,2024-08-03,CUST-1025,Consumer,Grocery,Basmati Rice Pack,2,1173.42,2346.84,281.52,Lucknow,Uttar Pradesh,Net Banking,Standard,5,2024-08
ORD-100020,2024-09-11,CUST-1675,Consumer,Grocery,Tea Powder Pack,1,584.35,584.35,73.23,Jaipur,Rajasthan,UPI,Standard,5,2024-09
ORD-100021,2025-06-05,CUST-1353,Corporate,Grocery,Dry Fruit Box,1,1616.61,1616.61,120.09,Mumbai,Maharashtra,UPI,Standard,4,2025-06
ORD-100022,2025-08-13,CUST-1638,Consumer,Home & Kitchen,Storage Containers,1,803.19,803.19,190.18,Bengaluru,Karnataka,Cash on Delivery,Standard,7,2025-08
ORD-100023,2025-11-13,CUST-1311,Consumer,Beauty,Sunscreen Lotion,1,761.38,761.38,267.74,Chennai,Tamil Nadu,UPI,Standard,6,2025-11
ORD-100024,2025-03-28,CUST-1230,Corporate,Home & Kitchen,Bedsheet Set,2,1841.63,3683.26,840.94,Delhi,Delhi,UPI,Standard,4,2025-03
ORD-100025,2024-03-15,CUST-1180,Corporate,Electronics,Laptop,2,65430.86,130861.72,18557.55,Pune,Maharashtra,Debit Card,Express,3,2024-03
ORD-100026,2024-05-04,CUST-1918,Consumer,Home & Kitchen,Storage Containers,2,993.96,1987.92,420.35,Hyderabad,Telangana,Cash on Delivery,Express,3,2024-05
ORD-100027,2024-10-10,CUST-1392,Corporate,Fashion,Women's Kurti,3,1815.96,5447.88,1190.05,Jaipur,Rajasthan,Debit Card,Standard,5,2024-10
ORD-100028,2025-04-22,CUST-1771,Consumer,Electronics,Laptop,1,54398.99,54398.99,6952.89,Mumbai,Maharashtra,Cash on Delivery,Standard,4,2025-04
ORD-100029,2025-07-13,CUST-1928,Consumer,Grocery,Snack Combo,3,395.99,1187.97,134.85,Ahmedabad,Gujarat,Credit Card,Express,2,2025-07
ORD-100030,2025-04-17,CUST-1767,Consumer,Electronics,Laptop,1,55264.94,55264.94,6602.05,Hyderabad,Telangana,Net Banking,Standard,4,2025-04
ORD-100031,2025-10-29,CUST-1785,Consumer,Fashion,Men's Casual Shirt,1,1258.38,1258.38,374.36,Ahmedabad,Gujarat,Credit Card,Same Day,1,2025-10
ORD-100032,2024-06-16,CUST-1870,Corporate,Accessories,Laptop Backpack,5,1547.46,7737.3,2012.49,Ahmedabad,Gujarat,Cash on Delivery,Standard,5,2024-06
ORD-100033,2024-12-21,CUST-1445,Consumer,Grocery,Snack Combo,2,372.83,745.66,73.98,Jaipur,Rajasthan,Credit Card,Standard,7,2024-12
ORD-100034,2025-07-05,CUST-1344,Consumer,Beauty,Shampoo Combo,3,808.13,2424.39,616.69,Jaipur,Rajasthan,Cash on Delivery,Standard,7,2025-07
ORD-100035,2024-09-21,CUST-1661,Corporate,Electronics,Bluetooth Speaker,1,3721.92,3721.92,569.85,Mumbai,Maharashtra,UPI,Standard,5,2024-09
ORD-100036,2025-12-09,CUST-1123,Corporate,Electronics,Wireless Earbuds,1,3730.68,3730.68,459.66,Hyderabad,Telangana,UPI,Standard,6,2025-12
ORD-100037,2025-05-10,CUST-1046,Small Business,Beauty,Hair Dryer,1,1881.15,1881.15,633.13,Hyderabad,Telangana,Credit Card,Standard,8,2025-05
ORD-100038,2025-05-17,CUST-1075,Consumer,Beauty,Hair Dryer,1,1590.18,1590.18,564.78,Pune,Maharashtra,Debit Card,Standard,4,2025-05
ORD-100039,2024-03-28,CUST-1582,Consumer,Electronics,Smart Watch,5,5935.58,29677.9,4712.85,Kochi,Kerala,Credit Card,Standard,8,2024-03
ORD-100040,2024-09-27,CUST-1072,Corporate,Beauty,Hair Dryer,2,1962.52,3925.04,1111.06,Pune,Maharashtra,Net Banking,Standard,6,2024-09
ORD-100041,2024-07-21,CUST-1127,Consumer,Grocery,Snack Combo,1,361.37,361.37,26.48,Kolkata,West Bengal,UPI,Express,3,2024-07
ORD-100042,2025-05-20,CUST-1590,Consumer,Fashion,Running Shoes,1,3351.84,3351.84,948.02,Chennai,Tamil Nadu,Debit Card,Express,2,2025-05
ORD-100043,2024-07-04,CUST-1295,Corporate,Home & Kitchen,Air Fryer,5,7815.97,39079.85,7675.33,Kochi,Kerala,UPI,Standard,7,2024-07
ORD-100044,2024-11-18,CUST-1640,Consumer,Beauty,Face Serum,1,1022.87,1022.87,225.2,Delhi,Delhi,UPI,Standard,8,2024-11
ORD-100045,2025-03-24,CUST-1969,Consumer,Fashion,Women's Kurti,4,1523.58,6094.32,1634.52,Kochi,Kerala,Cash on Delivery,Standard,5,2025-03
ORD-100046,2024-10-06,CUST-1348,Small Business,Home & Kitchen,Bedsheet Set,1,2156.07,2156.07,339.27,Chennai,Tamil Nadu,Credit Card,Standard,4,2024-10
ORD-100047,2025-08-24,CUST-1585,Consumer,Grocery,Dry Fruit Box,2,1490.7,2981.4,360.84,Ahmedabad,Gujarat,Cash on Delivery,Standard,0,2025-08
ORD-100048,2025-12-23,CUST-1102,Consumer,Fashion,Running Shoes,4,3157.58,12630.32,3674.6,Ahmedabad,Gujarat,Credit Card,Same Day,1,2025-12
ORD-100049,2024-06-07,CUST-1893,Consumer,Beauty,Makeup Kit,1,2417.42,2417.42,559.01,Lucknow,Uttar Pradesh,Credit Card,Standard,6,2024-06
ORD-100050,2024-04-02,CUST-1441,Consumer,Electronics,Wireless Earbuds,1,3176.47,3176.47,467.06,Indore,Madhya Pradesh,Credit Card,Express,3,2024-04
ORD-100051,2024-03-21,CUST-1075,Consumer,Home & Kitchen,Cookware Set,2,3454.89,6909.78,1450.91,Hyderabad,Telangana,UPI,Express,3,2024-03
ORD-100052,2025-04-12,CUST-1579,Small Business,Home & Kitchen,Air Fryer,3,7299.09,21897.27,3688.92,Kolkata,West Bengal,Debit Card,Standard,7,2025-04
ORD-100053,2024-10-20,CUST-1925,Consumer,Accessories,Travel Duffel Bag,3,2674.63,8023.89,2145.96,Ahmedabad,Gujarat,UPI,Express,4,2024-10
ORD-100054,2024-05-14,CUST-1990,Corporate,Grocery,Basmati Rice Pack,1,1058.89,1058.89,145.83,Pune,Maharashtra,Debit Card,Same Day,1,2024-05
ORD-100055,2024-03-18,CUST-1465,Consumer,Fashion,Men's Casual Shirt,1,1380.74,1380.74,388.53,Delhi,Delhi,Debit Card,Express,3,2024-03
ORD-100056,2025-01-15,CUST-1119,Consumer,Fashion,Denim Jeans,1,1985.49,1985.49,603.18,Jaipur,Rajasthan,Net Banking,Express,4,2025-01
ORD-100057,2024-08-28,CUST-1853,Consumer,Fashion,Denim Jeans,4,1927.77,7711.08,2111.82,Bengaluru,Karnataka,UPI,Standard,7,2024-08
ORD-100058,2024-08-10,CUST-1093,Corporate,Accessories,Laptop Backpack,1,1948.46,1948.46,409.59,Kolkata,West Bengal,Credit Card,Standard,5,2024-08
ORD-100059,2024-12-07,CUST-1283,Corporate,Home & Kitchen,Mixer Grinder,1,3844.09,3844.09,891.13,Bengaluru,Karnataka,UPI,Standard,5,2024-12
ORD-100060,2024-04-22,CUST-1487,Consumer,Electronics,Wireless Earbuds,2,3105.26,6210.52,567.25,Jaipur,Rajasthan,UPI,Express,2,2024-04
ORD-100061,2025-09-21,CUST-1075,Small Business,Home & Kitchen,Air Fryer,1,10117.99,10117.99,1972.65,Chennai,Tamil Nadu,UPI,Standard,4,2025-09
ORD-100062,2025-10-10,CUST-1440,Consumer,Electronics,Bluetooth Speaker,2,3566.35,7132.7,886.46,Mumbai,Maharashtra,UPI,Standard,8,2025-10
ORD-100063,2024-04-07,CUST-1600,Small Business,Fashion,Denim Jeans,1,2031.76,2031.76,636.96,Delhi,Delhi,Credit Card,Standard,6,2024-04
ORD-100064,2025-11-12,CUST-1358,Corporate,Beauty,Makeup Kit,4,2591.9,10367.6,2734.38,Mumbai,Maharashtra,UPI,Standard,7,2025-11
ORD-100065,2025-03-15,CUST-1943,Consumer,Beauty,Shampoo Combo,3,922.3,2766.8999999999996,618.89,Hyderabad,Telangana,UPI,Standard,5,2025-03
ORD-100066,2024-03-12,CUST-1904,Consumer,Grocery,Snack Combo,1,370.05,370.05,32.29,Kolkata,West Bengal,UPI,Express,4,2024-03
ORD-100067,2025-11-08,CUST-1046,Consumer,Home & Kitchen,Mixer Grinder,1,5203.71,5203.71,1048.45,Mumbai,Maharashtra,Net Banking,Standard,8,2025-11
ORD-100068,2024-08-04,CUST-1073,Consumer,Electronics,Bluetooth Speaker,3,3063.1,9189.3,1066.42,Mumbai,Maharashtra,Debit Card,Standard,8,2024-08
ORD-100069,2024-11-16,CUST-1864,Consumer,Fashion,Denim Jeans,2,2578.49,5156.98,1229.82,Kochi,Kerala,UPI,Standard,6,2024-11
ORD-100070,2024-11-13,CUST-1149,Consumer,Fashion,Men's Casual Shirt,3,1333.93,4001.79,763.11,Delhi,Delhi,UPI,Standard,5,2024-11
ORD-100071,2025-10-05,CUST-1069,Consumer,Electronics,Smartphone,2,28328.72,56657.44,8973.91,Hyderabad,Telangana,Credit Card,Express,2,2025-10
ORD-100072,2025-06-03,CUST-1460,Small Business,Grocery,Snack Combo,1,353.25,353.25,48.82,Bengaluru,Karnataka,Credit Card,Standard,7,2025-06
ORD-100073,2024-06-03,CUST-1372,Consumer,Electronics,Smart Watch,5,6539.95,32699.75,5329.63,Delhi,Delhi,UPI,Express,4,2024-06
ORD-100074,2024-02-23,CUST-1596,Corporate,Fashion,Running Shoes,3,3395.99,10187.97,1968.63,Kolkata,West Bengal,Cash on Delivery,Same Day,0,2024-02
ORD-100075,2025-12-26,CUST-1520,Consumer,Fashion,Denim Jeans,4,2030.03,8120.12,2361.6,Bengaluru,Karnataka,UPI,Express,2,2025-12
ORD-100076,2025-05-12,CUST-1611,Consumer,Electronics,Bluetooth Speaker,1,3247.98,3247.98,337.61,Mumbai,Maharashtra,UPI,Standard,6,2025-05
ORD-100077,2024-06-18,CUST-1925,Corporate,Grocery,Snack Combo,3,312.28,936.8399999999999,112.6,Jaipur,Rajasthan,UPI,Standard,5,2024-06
ORD-100078,2024-10-15,CUST-1728,Corporate,Accessories,Sunglasses,3,1565.93,4697.79,785.96,Delhi,Delhi,Cash on Delivery,Standard,6,2024-10
ORD-100079,2025-06-09,CUST-1383,Consumer,Fashion,Women's Kurti,1,1503.74,1503.74,317.42,Mumbai,Maharashtra,UPI,Standard,5,2025-06
ORD-100080,2024-05-20,CUST-1113,Corporate,Electronics,Wireless Earbuds,1,3979.05,3979.05,527.31,Jaipur,Rajasthan,UPI,Standard,5,2024-05
ORD-100081,2025-09-29,CUST-1584,Consumer,Electronics,Bluetooth Speaker,2,3010.08,6020.16,1032.24,Delhi,Delhi,Debit Card,Standard,8,2025-09
ORD-100082,2025-06-22,CUST-1246,Corporate,Electronics,Wireless Earbuds,2,3850.68,7701.36,1044.97,Bengaluru,Karnataka,Credit Card,Express,2,2025-06
ORD-100083,2024-12-26,CUST-1206,Consumer,Grocery,Dry Fruit Box,2,1550.9,3101.8,342.87,Bengaluru,Karnataka,UPI,Standard,7,2024-12
ORD-100084,2025-07-10,CUST-1916,Small Business,Electronics,Wireless Earbuds,2,3115.89,6231.78,923.68,Chennai,Tamil Nadu,UPI,Express,3,2025-07
ORD-100085,2025-06-15,CUST-1617,Corporate,Electronics,Laptop,1,52381.61,52381.61,6715.58,Mumbai,Maharashtra,UPI,Standard,6,2025-06
ORD-100086,2024-12-27,CUST-1869,Consumer,Fashion,Denim Jeans,2,2103.75,4207.5,1223.57,Bengaluru,Karnataka,Debit Card,Express,2,2024-12
ORD-100087,2025-10-22,CUST-1321,Corporate,Electronics,Smartphone,1,25627.69,25627.69,3614.84,Hyderabad,Telangana,UPI,Standard,8,2025-10
ORD-100088,2025-01-31,CUST-1176,Small Business,Electronics,Bluetooth Speaker,4,2556.32,10225.28,1633.46,Chennai,Tamil Nadu,UPI,Standard,5,2025-01
ORD-100089,2025-12-27,CUST-1242,Corporate,Electronics,Wireless Earbuds,1,3611.33,3611.33,614.72,Kolkata,West Bengal,UPI,Standard,4,2025-12
ORD-100090,2025-07-18,CUST-1460,Consumer,Home & Kitchen,Bedsheet Set,1,2029.66,2029.66,458.77,Delhi,Delhi,Credit Card,Standard,5,2025-07
ORD-100091,2024-07-05,CUST-1866,Consumer,Electronics,Smart Watch,3,5954.84,17864.52,2416.31,Pune,Maharashtra,UPI,Same Day,1,2024-07
ORD-100092,2024-11-06,CUST-1083,Consumer,Accessories,Leather Wallet,2,962.34,1924.68,551.0,Bengaluru,Karnataka,Credit Card,Standard,8,2024-11
ORD-100093,2025-03-02,CUST-1161,Consumer,Home & Kitchen,Cookware Set,2,3109.68,6219.36,1349.78,Ahmedabad,Gujarat,Credit Card,Standard,7,2025-03
ORD-100094,2024-11-22,CUST-1051,Consumer,Electronics,Smart Watch,3,8598.21,25794.629999999997,4585.86,Hyderabad,Telangana,UPI,Standard,5,2024-11
ORD-100095,2024-06-12,CUST-1989,Consumer,Home & Kitchen,Cookware Set,3,3995.08,11985.24,1907.1,Indore,Madhya Pradesh,Credit Card,Standard,4,2024-06
ORD-100096,2025-10-31,CUST-1371,Consumer,Electronics,Wireless Earbuds,2,3964.84,7929.68,719.51,Chennai,Tamil Nadu,UPI,Standard,4,2025-10
ORD-100097,2025-09-30,CUST-1046,Consumer,Home & Kitchen,Storage Containers,2,969.89,1939.78,456.6,Mumbai,Maharashtra,Debit Card,Standard,8,2025-09
ORD-100098,2025-09-12,CUST-1725,Consumer,Grocery,Snack Combo,4,379.6,1518.4,193.46,Delhi,Delhi,Credit Card,Standard,8,2025-09
ORD-100099,2025-03-02,CUST-1597,Consumer,Electronics,Wireless Earbuds,2,3860.82,7721.64,1199.01,Kolkata,West Bengal,Credit Card,Express,2,2025-03
ORD-100100,2025-11-28,CUST-1722,Consumer,Beauty,Makeup Kit,1,2700.67,2700.67,752.49,Hyderabad,Telangana,UPI,Standard,8,2025-11
ORD-100101,2024-11-17,CUST-1285,Consumer,Fashion,Denim Jeans,5,2499.57,12497.85,3205.43,Chennai,Tamil Nadu,UPI,Standard,7,2024-11
ORD-100102,2025-12-22,CUST-1977,Corporate,Accessories,Leather Wallet,1,969.66,969.66,171.69,Ahmedabad,Gujarat,UPI,Express,3,2025-12
ORD-100103,2025-03-28,CUST-1685,Small Business,Electronics,Smartphone,2,23963.61,47927.22,5236.47,Mumbai,Maharashtra,UPI,Express,2,2025-03
ORD-100104,2025-04-28,CUST-1292,Corporate,Electronics,Smartphone,1,24107.92,24107.92,2180.96,Delhi,Delhi,Cash on Delivery,Standard,5,2025-04
ORD-100105,2024-02-08,CUST-1305,Consumer,Electronics,Smart Watch,4,6038.62,24154.48,4091.82,Hyderabad,Telangana,UPI,Same Day,0,2024-02
ORD-100106,2025-10-18,CUST-1014,Corporate,Accessories,Leather Wallet,2,1081.43,2162.86,395.26,Delhi,Delhi,Debit Card,Standard,6,2025-10
ORD-100107,2025-10-16,CUST-1457,Corporate,Home & Kitchen,Cookware Set,4,4590.73,18362.92,4045.55,Hyderabad,Telangana,Net Banking,Standard,6,2025-10
ORD-100108,2025-10-31,CUST-1376,Consumer,Fashion,Ethnic Saree,1,3126.13,3126.13,766.39,Bengaluru,Karnataka,UPI,Express,4,2025-10
ORD-100109,2025-09-12,CUST-1540,Corporate,Electronics,Bluetooth Speaker,1,3556.9,3556.9,612.33,Delhi,Delhi,UPI,Standard,4,2025-09
ORD-100110,2025-06-01,CUST-1135,Consumer,Home & Kitchen,Mixer Grinder,1,4327.11,4327.11,835.22,Jaipur,Rajasthan,Credit Card,Express,2,2025-06
ORD-100111,2024-11-11,CUST-1293,Consumer,Electronics,Laptop,3,67814.84,203444.52,33259.27,Kolkata,West Bengal,Debit Card,Same Day,0,2024-11
ORD-100112,2025-01-26,CUST-1745,Small Business,Beauty,Makeup Kit,1,2500.94,2500.94,856.42,Mumbai,Maharashtra,Cash on Delivery,Standard,8,2025-01
ORD-100113,2025-07-11,CUST-1246,Consumer,Beauty,Sunscreen Lotion,1,641.03,641.03,157.94,Delhi,Delhi,UPI,Standard,7,2025-07
ORD-100114,2024-02-19,CUST-1242,Consumer,Electronics,Smart Watch,1,5800.51,5800.51,751.2,Kolkata,West Bengal,UPI,Standard,8,2024-02
ORD-100115,2024-10-08,CUST-1713,Consumer,Beauty,Hair Dryer,1,2433.22,2433.22,680.83,Delhi,Delhi,UPI,Same Day,1,2024-10
ORD-100116,2024-08-18,CUST-1944,Consumer,Fashion,Ethnic Saree,1,3018.74,3018.74,929.96,Delhi,Delhi,UPI,Standard,5,2024-08
ORD-100117,2025-01-21,CUST-1216,Small Business,Home & Kitchen,Cookware Set,2,3670.86,7341.72,1698.9,Bengaluru,Karnataka,Net Banking,Express,3,2025-01
ORD-100118,2025-12-13,CUST-1100,Corporate,Electronics,Laptop,2,54361.29,108722.58,18739.57,Kochi,Kerala,Debit Card,Standard,8,2025-12
ORD-100119,2025-01-14,CUST-1388,Consumer,Beauty,Sunscreen Lotion,1,580.32,580.32,172.62,Kochi,Kerala,UPI,Standard,5,2025-01
ORD-100120,2025-05-15,CUST-1536,Consumer,Home & Kitchen,Bedsheet Set,5,1907.41,9537.050000000001,2244.99,Hyderabad,Telangana,Cash on Delivery,Same Day,0,2025-05
ORD-100121,2025-02-26,CUST-1016,Consumer,Accessories,Laptop Backpack,1,1796.21,1796.21,447.76,Ahmedabad,Gujarat,Credit Card,Same Day,1,2025-02
ORD-100122,2025-07-02,CUST-1834,Consumer,Electronics,Smart Watch,5,5751.2,28756.0,4692.52,Ahmedabad,Gujarat,Debit Card,Standard,5,2025-07
ORD-100123,2024-09-06,CUST-1652,Consumer,Electronics,Laptop,5,64555.35,322776.75,48921.25,Delhi,Delhi,UPI,Standard,8,2024-09
ORD-100124,2024-12-05,CUST-1920,Consumer,Home & Kitchen,Air Fryer,2,8737.79,17475.58,2535.82,Pune,Maharashtra,Debit Card,Standard,4,2024-12
ORD-100125,2024-07-31,CUST-1773,Corporate,Electronics,Wireless Earbuds,2,3817.21,7634.42,1176.8,Bengaluru,Karnataka,Debit Card,Standard,8,2024-07
ORD-100126,2024-12-20,CUST-1233,Consumer,Beauty,Face Serum,1,952.27,952.27,336.8,Chennai,Tamil Nadu,Net Banking,Standard,6,2024-12
ORD-100127,2024-03-28,CUST-1005,Small Business,Fashion,Ethnic Saree,3,2695.58,8086.74,1538.83,Kolkata,West Bengal,UPI,Standard,6,2024-03
ORD-100128,2024-07-10,CUST-1397,Corporate,Beauty,Face Serum,1,984.16,984.16,292.88,Bengaluru,Karnataka,Debit Card,Express,3,2024-07
ORD-100129,2024-06-22,CUST-1738,Consumer,Home & Kitchen,Cookware Set,2,3246.11,6492.22,1022.6,Pune,Maharashtra,Credit Card,Standard,3,2024-06
ORD-100130,2024-01-07,CUST-1617,Small Business,Electronics,Smartphone,4,21406.46,85625.84,12485.73,Hyderabad,Telangana,UPI,Same Day,1,2024-01
ORD-100131,2024-10-25,CUST-1698,Corporate,Fashion,Denim Jeans,3,2619.77,7859.3099999999995,2275.08,Indore,Madhya Pradesh,UPI,Same Day,0,2024-10
ORD-100132,2024-10-25,CUST-1459,Small Business,Beauty,Hair Dryer,3,1910.25,5730.75,1372.43,Delhi,Delhi,Credit Card,Standard,7,2024-10
ORD-100133,2025-12-09,CUST-1576,Small Business,Fashion,Ethnic Saree,1,2492.82,2492.82,693.57,Kochi,Kerala,Debit Card,Standard,6,2025-12
ORD-100134,2025-03-16,CUST-1353,Small Business,Fashion,Running Shoes,1,2904.35,2904.35,826.46,Indore,Madhya Pradesh,Credit Card,Standard,8,2025-03
ORD-100135,2024-05-25,CUST-1023,Corporate,Fashion,Men's Casual Shirt,1,1171.27,1171.27,296.28,Bengaluru,Karnataka,Credit Card,Standard,4,2024-05
ORD-100136,2024-09-06,CUST-1460,Consumer,Beauty,Hair Dryer,2,2197.35,4394.7,1457.66,Kochi,Kerala,UPI,Express,2,2024-09
ORD-100137,2025-12-21,CUST-1611,Consumer,Beauty,Hair Dryer,3,1615.53,4846.59,1287.44,Mumbai,Maharashtra,UPI,Express,4,2025-12
ORD-100138,2025-09-24,CUST-1523,Consumer,Electronics,Wireless Earbuds,1,4413.34,4413.34,715.2,Lucknow,Uttar Pradesh,Credit Card,Standard,6,2025-09
ORD-100139,2025-10-12,CUST-1139,Consumer,Home & Kitchen,Air Fryer,2,10468.31,20936.62,3350.36,Hyderabad,Telangana,UPI,Standard,6,2025-10
ORD-100140,2025-05-18,CUST-1562,Consumer,Home & Kitchen,Air Fryer,1,8698.32,8698.32,1249.98,Delhi,Delhi,Credit Card,Standard,5,2025-05
ORD-100141,2025-01-10,CUST-1356,Small Business,Fashion,Ethnic Saree,2,3057.32,6114.64,1478.47,Jaipur,Rajasthan,UPI,Standard,4,2025-01
ORD-100142,2024-08-30,CUST-1545,Consumer,Grocery,Basmati Rice Pack,1,1195.18,1195.18,130.62,Ahmedabad,Gujarat,Credit Card,Express,4,2024-08
ORD-100143,2024-09-30,CUST-1255,Consumer,Fashion,Running Shoes,5,3866.76,19333.800000000003,5686.56,Mumbai,Maharashtra,UPI,Standard,5,2024-09
ORD-100144,2025-08-14,CUST-1335,Consumer,Fashion,Denim Jeans,2,2217.15,4434.3,845.05,Chennai,Tamil Nadu,Cash on Delivery,Express,3,2025-08
ORD-100145,2025-04-14,CUST-1579,Corporate,Grocery,Basmati Rice Pack,2,1182.77,2365.54,298.03,Ahmedabad,Gujarat,Debit Card,Standard,6,2025-04
ORD-100146,2025-10-03,CUST-1162,Small Business,Grocery,Basmati Rice Pack,3,1309.27,3927.81,536.71,Bengaluru,Karnataka,Cash on Delivery,Express,4,2025-10
ORD-100147,2025-01-15,CUST-1135,Consumer,Electronics,Wireless Earbuds,2,3715.93,7431.86,703.51,Hyderabad,Telangana,Credit Card,Standard,5,2025-01
ORD-100148,2024-05-03,CUST-1656,Small Business,Fashion,Men's Casual Shirt,5,1197.9,5989.5,1137.5,Kolkata,West Bengal,UPI,Express,3,2024-05
ORD-100149,2024-06-17,CUST-1359,Small Business,Home & Kitchen,Mixer Grinder,1,4545.58,4545.58,860.96,Pune,Maharashtra,UPI,Standard,4,2024-06
ORD-100150,2024-09-11,CUST-1302,Corporate,Electronics,Wireless Earbuds,2,4328.25,8656.5,1252.45,Pune,Maharashtra,Debit Card,Standard,8,2024-09
ORD-100151,2024-04-25,CUST-1781,Consumer,Grocery,Cooking Oil Can,1,1005.73,1005.73,85.81,Chennai,Tamil Nadu,Net Banking,Express,3,2024-04
ORD-100152,2024-09-25,CUST-1284,Consumer,Electronics,Smart Watch,1,8730.93,8730.93,1531.24,Bengaluru,Karnataka,UPI,Standard,8,2024-09
ORD-100153,2025-02-04,CUST-1626,Consumer,Accessories,Phone Case,2,492.17,984.34,190.38,Chennai,Tamil Nadu,UPI,Standard,7,2025-02
ORD-100154,2025-12-25,CUST-1789,Small Business,Beauty,Hair Dryer,1,1589.72,1589.72,532.8,Bengaluru,Karnataka,UPI,Express,4,2025-12
ORD-100155,2025-12-30,CUST-1233,Corporate,Fashion,Ethnic Saree,5,2955.99,14779.949999999999,3717.3,Bengaluru,Karnataka,UPI,Express,4,2025-12
ORD-100156,2025-04-28,CUST-1277,Corporate,Grocery,Basmati Rice Pack,1,1251.43,1251.43,146.57,Hyderabad,Telangana,Credit Card,Standard,5,2025-04
ORD-100157,2025-06-12,CUST-1757,Consumer,Electronics,Smartphone,5,25237.13,126185.65000000001,12139.49,Hyderabad,Telangana,Credit Card,Standard,5,2025-06
ORD-100158,2024-07-19,CUST-1777,Corporate,Home & Kitchen,Air Fryer,3,8057.69,24173.07,6088.9,Indore,Madhya Pradesh,Cash on Delivery,Express,3,2024-07
ORD-100159,2024-08-31,CUST-1594,Consumer,Beauty,Face Serum,1,1091.68,1091.68,246.88,Hyderabad,Telangana,UPI,Standard,6,2024-08
ORD-100160,2024-03-04,CUST-1966,Consumer,Grocery,Basmati Rice Pack,1,1264.98,1264.98,146.81,Pune,Maharashtra,Debit Card,Standard,6,2024-03
ORD-100161,2025-04-05,CUST-1220,Corporate,Home & Kitchen,Cookware Set,2,3478.38,6956.76,1147.28,Bengaluru,Karnataka,UPI,Standard,6,2025-04
ORD-100162,2025-02-09,CUST-1124,Consumer,Electronics,Bluetooth Speaker,2,2994.91,5989.82,679.34,Indore,Madhya Pradesh,Cash on Delivery,Standard,7,2025-02
ORD-100163,2025-02-14,CUST-1926,Corporate,Accessories,Phone Case,1,475.42,475.42,80.36,Hyderabad,Telangana,Cash on Delivery,Same Day,0,2025-02
ORD-100164,2025-08-10,CUST-1662,Consumer,Electronics,Laptop,1,62804.76,62804.76,8456.75,Bengaluru,Karnataka,UPI,Standard,5,2025-08
ORD-100165,2025-01-27,CUST-1352,Small Business,Home & Kitchen,Mixer Grinder,1,3930.56,3930.56,847.78,Bengaluru,Karnataka,Credit Card,Express,3,2025-01
ORD-100166,2025-09-03,CUST-1272,Consumer,Fashion,Women's Kurti,1,2001.54,2001.54,376.7,Bengaluru,Karnataka,Debit Card,Same Day,0,2025-09
ORD-100167,2025-02-01,CUST-1576,Small Business,Beauty,Hair Dryer,1,2006.97,2006.97,668.06,Pune,Maharashtra,Cash on Delivery,Standard,6,2025-02
ORD-100168,2024-06-28,CUST-1022,Consumer,Grocery,Tea Powder Pack,2,407.37,814.74,108.71,Chennai,Tamil Nadu,Debit Card,Standard,5,2024-06
ORD-100169,2025-01-08,CUST-1178,Corporate,Electronics,Smartphone,5,21661.32,108306.6,18929.08,Lucknow,Uttar Pradesh,Credit Card,Same Day,1,2025-01
ORD-100170,2024-08-16,CUST-1616,Consumer,Grocery,Snack Combo,2,387.82,775.64,46.65,Jaipur,Rajasthan,Cash on Delivery,Standard,8,2024-08
ORD-100171,2025-05-23,CUST-1271,Consumer,Home & Kitchen,Storage Containers,1,979.83,979.83,156.92,Bengaluru,Karnataka,Debit Card,Express,3,2025-05
ORD-100172,2024-02-19,CUST-1166,Consumer,Fashion,Men's Casual Shirt,1,1302.15,1302.15,395.64,Ahmedabad,Gujarat,Debit Card,Standard,8,2024-02
ORD-100173,2024-04-17,CUST-1441,Small Business,Electronics,Smartphone,1,20407.85,20407.85,2526.31,Mumbai,Maharashtra,UPI,Standard,7,2024-04
ORD-100174,2024-12-05,CUST-1157,Consumer,Grocery,Cooking Oil Can,1,886.54,886.54,73.16,Bengaluru,Karnataka,UPI,Standard,8,2024-12
ORD-100175,2024-04-09,CUST-1189,Consumer,Electronics,Smart Watch,1,6030.91,6030.91,701.17,Chennai,Tamil Nadu,UPI,Express,4,2024-04
ORD-100176,2025-04-21,CUST-1860,Consumer,Electronics,Smartphone,1,24516.41,24516.41,3451.47,Hyderabad,Telangana,Credit Card,Standard,8,2025-04
ORD-100177,2024-08-29,CUST-1971,Small Business,Accessories,Sunglasses,2,1172.74,2345.48,597.76,Pune,Maharashtra,Net Banking,Express,3,2024-08
ORD-100178,2024-03-21,CUST-1565,Consumer,Grocery,Cooking Oil Can,5,951.81,4759.049999999999,632.31,Bengaluru,Karnataka,UPI,Standard,7,2024-03
ORD-100179,2025-09-30,CUST-1898,Consumer,Fashion,Men's Casual Shirt,2,1556.0,3112.0,625.36,Jaipur,Rajasthan,UPI,Standard,4,2025-09
ORD-100180,2024-06-25,CUST-1345,Corporate,Home & Kitchen,Storage Containers,1,828.25,828.25,119.81,Delhi,Delhi,UPI,Express,3,2024-06
ORD-100181,2025-12-02,CUST-1935,Corporate,Fashion,Denim Jeans,1,2358.91,2358.91,746.34,Lucknow,Uttar Pradesh,Debit Card,Express,3,2025-12
ORD-100182,2025-06-11,CUST-1033,Consumer,Beauty,Sunscreen Lotion,3,583.94,1751.8200000000002,513.98,Jaipur,Rajasthan,Cash on Delivery,Express,2,2025-06
ORD-100183,2025-04-20,CUST-1857,Small Business,Beauty,Sunscreen Lotion,2,687.64,1375.28,416.94,Mumbai,Maharashtra,Debit Card,Standard,6,2025-04
ORD-100184,2024-02-20,CUST-1662,Consumer,Beauty,Sunscreen Lotion,1,676.15,676.15,212.9,Bengaluru,Karnataka,Cash on Delivery,Standard,4,2024-02
ORD-100185,2024-11-08,CUST-1007,Consumer,Electronics,Smart Watch,3,8273.04,24819.120000000003,2848.84,Jaipur,Rajasthan,Debit Card,Standard,8,2024-11
ORD-100186,2025-08-31,CUST-1529,Corporate,Grocery,Dry Fruit Box,2,1349.0,2698.0,347.82,Chennai,Tamil Nadu,Cash on Delivery,Express,2,2025-08
ORD-100187,2024-11-23,CUST-1743,Corporate,Grocery,Snack Combo,2,446.85,893.7,81.38,Delhi,Delhi,Debit Card,Express,2,2024-11
ORD-100188,2025-11-18,CUST-1670,Consumer,Beauty,Makeup Kit,1,2502.69,2502.69,653.53,Kochi,Kerala,UPI,Express,2,2025-11
ORD-100189,2024-12-05,CUST-1888,Corporate,Beauty,Sunscreen Lotion,1,678.57,678.57,209.55,Delhi,Delhi,Credit Card,Standard,5,2024-12
ORD-100190,2024-07-24,CUST-1004,Consumer,Fashion,Women's Kurti,1,1734.62,1734.62,551.84,Hyderabad,Telangana,UPI,Standard,5,2024-07
ORD-100191,2025-05-16,CUST-1775,Corporate,Grocery,Snack Combo,3,384.42,1153.26,113.24,Ahmedabad,Gujarat,UPI,Standard,6,2025-05
ORD-100192,2024-12-18,CUST-1909,Corporate,Beauty,Hair Dryer,1,1635.76,1635.76,370.34,Hyderabad,Telangana,UPI,Standard,8,2024-12
ORD-100193,2024-07-11,CUST-1384,Small Business,Accessories,Sunglasses,1,1474.11,1474.11,240.38,Mumbai,Maharashtra,UPI,Standard,4,2024-07
ORD-100194,2024-02-19,CUST-1677,Consumer,Home & Kitchen,Mixer Grinder,2,4464.6,8929.2,1696.66,Pune,Maharashtra,Credit Card,Standard,4,2024-02
ORD-100195,2024-04-17,CUST-1302,Consumer,Home & Kitchen,Cookware Set,2,3685.34,7370.68,1472.14,Delhi,Delhi,Credit Card,Same Day,1,2024-04
ORD-100196,2024-01-03,CUST-1467,Small Business,Accessories,Sunglasses,1,1176.4,1176.4,200.58,Mumbai,Maharashtra,UPI,Express,4,2024-01
ORD-100197,2024-02-10,CUST-1915,Consumer,Home & Kitchen,Mixer Grinder,4,4119.61,16478.44,2536.17,Jaipur,Rajasthan,Credit Card,Standard,5,2024-02
ORD-100198,2024-12-16,CUST-1965,Corporate,Grocery,Basmati Rice Pack,1,1091.44,1091.44,135.33,Mumbai,Maharashtra,UPI,Express,2,2024-12
ORD-100199,2025-11-25,CUST-1451,Consumer,Accessories,Sunglasses,1,1612.5,1612.5,459.32,Jaipur,Rajasthan,UPI,Standard,7,2025-11
ORD-100200,2025-08-13,CUST-1152,Corporate,Fashion,Ethnic Saree,3,2639.6,7918.799999999999,2393.38,Ahmedabad,Gujarat,Credit Card,Express,3,2025-08
ORD-100201,2024-06-09,CUST-1412,Corporate,Accessories,Laptop Backpack,2,1719.38,3438.76,684.11,Bengaluru,Karnataka,UPI,Standard,8,2024-06
ORD-100202,2025-05-25,CUST-1911,Consumer,Fashion,Ethnic Saree,1,2557.07,2557.07,694.17,Delhi,Delhi,UPI,Standard,8,2025-05
ORD-100203,2024-02-25,CUST-1363,Corporate,Beauty,Sunscreen Lotion,3,725.67,2177.0099999999998,697.37,Mumbai,Maharashtra,Net Banking,Standard,5,2024-02
ORD-100204,2024-04-18,CUST-1844,Corporate,Fashion,Ethnic Saree,1,2592.7,2592.7,726.89,Mumbai,Maharashtra,Debit Card,Same Day,1,2024-04
ORD-100205,2025-10-10,CUST-1858,Consumer,Electronics,Laptop,3,71510.71,214532.13,34216.39,Bengaluru,Karnataka,Net Banking,Standard,4,2025-10
ORD-100206,2024-06-26,CUST-1986,Consumer,Grocery,Cooking Oil Can,3,870.15,2610.45,236.96,Kolkata,West Bengal,UPI,Same Day,1,2024-06
ORD-100207,2025-12-17,CUST-1943,Corporate,Grocery,Cooking Oil Can,4,972.27,3889.08,405.58,Delhi,Delhi,Net Banking,Standard,6,2025-12
ORD-100208,2025-12-11,CUST-1827,Consumer,Beauty,Hair Dryer,2,1942.02,3884.04,1367.08,Chennai,Tamil Nadu,UPI,Express,3,2025-12
ORD-100209,2024-07-23,CUST-1630,Small Business,Fashion,Men's Casual Shirt,1,1319.94,1319.94,363.87,Kolkata,West Bengal,Debit Card,Standard,6,2024-07
ORD-100210,2025-06-07,CUST-1761,Consumer,Grocery,Snack Combo,3,386.28,1158.84,158.22,Delhi,Delhi,Credit Card,Standard,8,2025-06
ORD-100211,2025-10-10,CUST-1752,Consumer,Grocery,Tea Powder Pack,3,563.57,1690.71,231.87,Jaipur,Rajasthan,UPI,Standard,4,2025-10
ORD-100212,2024-06-13,CUST-1502,Corporate,Fashion,Ethnic Saree,2,2663.93,5327.86,1488.37,Hyderabad,Telangana,Credit Card,Same Day,1,2024-06
ORD-100213,2024-07-07,CUST-1574,Corporate,Electronics,Wireless Earbuds,2,3850.53,7701.06,803.55,Chennai,Tamil Nadu,Net Banking,Standard,6,2024-07
ORD-100214,2025-10-19,CUST-1526,Corporate,Electronics,Wireless Earbuds,2,4352.68,8705.36,1534.76,Delhi,Delhi,UPI,Standard,6,2025-10
ORD-100215,2024-03-25,CUST-1550,Corporate,Electronics,Bluetooth Speaker,4,2595.24,10380.96,1827.72,Mumbai,Maharashtra,Cash on Delivery,Express,2,2024-03
ORD-100216,2024-03-14,CUST-1397,Consumer,Beauty,Makeup Kit,3,2030.71,6092.13,1386.55,Kolkata,West Bengal,UPI,Standard,5,2024-03
ORD-100217,2025-07-01,CUST-1288,Corporate,Fashion,Denim Jeans,1,2271.53,2271.53,646.1,Kolkata,West Bengal,UPI,Standard,6,2025-07
ORD-100218,2025-06-30,CUST-1126,Consumer,Fashion,Men's Casual Shirt,1,1306.91,1306.91,390.67,Delhi,Delhi,Credit Card,Same Day,0,2025-06
ORD-100219,2024-11-08,CUST-1185,Corporate,Fashion,Ethnic Saree,1,3593.43,3593.43,753.34,Kochi,Kerala,Credit Card,Standard,6,2024-11
ORD-100220,2025-07-16,CUST-1921,Consumer,Electronics,Smart Watch,1,6942.47,6942.47,781.46,Delhi,Delhi,Credit Card,Standard,6,2025-07
ORD-100221,2024-06-05,CUST-1898,Consumer,Fashion,Running Shoes,2,3142.59,6285.18,1508.21,Kolkata,West Bengal,UPI,Standard,6,2024-06
ORD-100222,2024-06-28,CUST-1832,Consumer,Grocery,Tea Powder Pack,2,406.33,812.66,96.45,Chennai,Tamil Nadu,UPI,Express,4,2024-06
ORD-100223,2025-07-10,CUST-1406,Consumer,Home & Kitchen,Mixer Grinder,4,4330.66,17322.64,3241.06,Chennai,Tamil Nadu,UPI,Standard,8,2025-07
ORD-100224,2025-06-10,CUST-1270,Consumer,Electronics,Smart Watch,1,6009.78,6009.78,847.21,Kolkata,West Bengal,UPI,Standard,7,2025-06
ORD-100225,2025-04-10,CUST-1669,Consumer,Electronics,Wireless Earbuds,4,3119.11,12476.44,1851.09,Delhi,Delhi,Credit Card,Standard,8,2025-04
ORD-100226,2025-01-20,CUST-1078,Consumer,Grocery,Basmati Rice Pack,5,1036.65,5183.25,678.87,Chennai,Tamil Nadu,UPI,Express,2,2025-01
ORD-100227,2024-05-01,CUST-1587,Consumer,Electronics,Bluetooth Speaker,2,2789.06,5578.12,667.81,Mumbai,Maharashtra,UPI,Standard,5,2024-05
ORD-100228,2024-06-19,CUST-1621,Small Business,Home & Kitchen,Storage Containers,1,837.37,837.37,173.87,Hyderabad,Telangana,Cash on Delivery,Standard,4,2024-06
ORD-100229,2025-08-19,CUST-1016,Consumer,Electronics,Laptop,3,53993.8,161981.40000000002,24194.9,Pune,Maharashtra,Cash on Delivery,Standard,7,2025-08
ORD-100230,2025-09-12,CUST-1918,Small Business,Home & Kitchen,Air Fryer,1,9325.89,9325.89,2182.86,Jaipur,Rajasthan,Debit Card,Standard,8,2025-09
ORD-100231,2024-02-14,CUST-1137,Consumer,Fashion,Denim Jeans,2,2100.23,4200.46,1039.6,Mumbai,Maharashtra,Debit Card,Express,2,2024-02
ORD-100232,2025-07-10,CUST-1109,Consumer,Accessories,Laptop Backpack,1,1585.97,1585.97,399.09,Mumbai,Maharashtra,Debit Card,Express,3,2025-07
ORD-100233,2025-01-09,CUST-1792,Corporate,Fashion,Ethnic Saree,2,3241.57,6483.14,1351.85,Delhi,Delhi,Debit Card,Standard,6,2025-01
ORD-100234,2025-04-02,CUST-1823,Consumer,Grocery,Basmati Rice Pack,3,1260.37,3781.1099999999997,412.6,Ahmedabad,Gujarat,UPI,Standard,7,2025-04
ORD-100235,2024-09-26,CUST-1449,Consumer,Accessories,Sunglasses,1,1384.3,1384.3,359.4,Bengaluru,Karnataka,Cash on Delivery,Standard,5,2024-09
ORD-100236,2024-02-04,CUST-1685,Consumer,Accessories,Travel Duffel Bag,3,2455.09,7365.27,2184.47,Mumbai,Maharashtra,Credit Card,Standard,6,2024-02
ORD-100237,2025-07-16,CUST-1179,Consumer,Home & Kitchen,Mixer Grinder,1,4671.8,4671.8,1194.09,Kochi,Kerala,UPI,Same Day,1,2025-07
ORD-100238,2024-04-29,CUST-1918,Consumer,Electronics,Wireless Earbuds,3,4017.58,12052.74,2035.11,Mumbai,Maharashtra,UPI,Express,3,2024-04
ORD-100239,2024-08-13,CUST-1487,Consumer,Electronics,Smartphone,2,20776.37,41552.74,4920.5,Mumbai,Maharashtra,UPI,Standard,6,2024-08
ORD-100240,2025-11-30,CUST-1122,Small Business,Home & Kitchen,Cookware Set,4,3854.31,15417.24,2606.23,Kochi,Kerala,Debit Card,Express,2,2025-11
ORD-100241,2025-07-08,CUST-1227,Corporate,Beauty,Shampoo Combo,5,893.95,4469.75,1534.64,Bengaluru,Karnataka,UPI,Standard,8,2025-07
ORD-100242,2025-07-07,CUST-1333,Consumer,Home & Kitchen,Air Fryer,1,7622.48,7622.48,1485.34,Delhi,Delhi,Cash on Delivery,Standard,5,2025-07
ORD-100243,2025-04-27,CUST-1833,Consumer,Electronics,Wireless Earbuds,5,3416.23,17081.15,1820.03,Hyderabad,Telangana,UPI,Standard,8,2025-04
ORD-100244,2024-07-19,CUST-1256,Consumer,Electronics,Laptop,1,66616.56,66616.56,6892.1,Lucknow,Uttar Pradesh,Credit Card,Standard,6,2024-07
ORD-100245,2024-09-17,CUST-1590,Consumer,Fashion,Women's Kurti,2,1869.76,3739.52,848.32,Bengaluru,Karnataka,Credit Card,Standard,4,2024-09
ORD-100246,2025-11-20,CUST-1869,Small Business,Electronics,Wireless Earbuds,2,4530.31,9060.62,1179.91,Mumbai,Maharashtra,UPI,Express,3,2025-11
ORD-100247,2024-10-25,CUST-1128,Corporate,Fashion,Running Shoes,3,3962.94,11888.82,3617.49,Mumbai,Maharashtra,Debit Card,Standard,5,2024-10
ORD-100248,2025-02-10,CUST-1316,Consumer,Accessories,Laptop Backpack,1,1526.37,1526.37,262.01,Hyderabad,Telangana,Debit Card,Standard,5,2025-02
ORD-100249,2024-06-23,CUST-1646,Corporate,Fashion,Women's Kurti,1,1598.69,1598.69,360.55,Bengaluru,Karnataka,Cash on Delivery,Standard,8,2024-06
ORD-100250,2024-12-21,CUST-1480,Consumer,Fashion,Ethnic Saree,2,2642.07,5284.14,1178.9,Mumbai,Maharashtra,Debit Card,Express,3,2024-12
ORD-100251,2025-03-16,CUST-1269,Consumer,Home & Kitchen,Air Fryer,3,8167.86,24503.579999999998,3984.98,Mumbai,Maharashtra,Credit Card,Express,3,2025-03
ORD-100252,2025-12-02,CUST-1192,Consumer,Home & Kitchen,Storage Containers,1,955.41,955.41,155.31,Jaipur,Rajasthan,UPI,Standard,7,2025-12
ORD-100253,2024-04-14,CUST-1713,Corporate,Accessories,Laptop Backpack,1,1555.52,1555.52,340.4,Hyderabad,Telangana,UPI,Express,3,2024-04
ORD-100254,2025-02-05,CUST-1203,Consumer,Grocery,Cooking Oil Can,1,961.06,961.06,67.04,Bengaluru,Karnataka,Debit Card,Standard,7,2025-02
ORD-100255,2025-11-28,CUST-1996,Consumer,Home & Kitchen,Cookware Set,5,4717.04,23585.2,5409.67,Delhi,Delhi,Credit Card,Standard,6,2025-11
ORD-100256,2025-08-21,CUST-1702,Consumer,Fashion,Women's Kurti,1,1651.44,1651.44,306.97,Jaipur,Rajasthan,Net Banking,Standard,5,2025-08
ORD-100257,2025-10-22,CUST-1366,Corporate,Accessories,Laptop Backpack,1,2066.54,2066.54,431.13,Bengaluru,Karnataka,UPI,Express,2,2025-10
ORD-100258,2025-07-09,CUST-1460,Consumer,Electronics,Laptop,2,54121.96,108243.92,11560.06,Chennai,Tamil Nadu,UPI,Standard,4,2025-07
ORD-100259,2025-06-02,CUST-1784,Consumer,Fashion,Men's Casual Shirt,1,1118.34,1118.34,335.45,Ahmedabad,Gujarat,Credit Card,Standard,7,2025-06
ORD-100260,2025-06-19,CUST-1538,Consumer,Fashion,Running Shoes,2,2855.22,5710.44,1170.69,Bengaluru,Karnataka,Credit Card,Express,4,2025-06
ORD-100261,2024-03-13,CUST-1843,Consumer,Electronics,Bluetooth Speaker,1,3186.09,3186.09,474.78,Pune,Maharashtra,Credit Card,Express,3,2024-03
ORD-100262,2024-08-09,CUST-1784,Consumer,Beauty,Sunscreen Lotion,5,589.68,2948.3999999999996,865.85,Bengaluru,Karnataka,UPI,Standard,8,2024-08
ORD-100263,2024-06-19,CUST-1782,Consumer,Fashion,Denim Jeans,3,2171.38,6514.14,1772.2,Lucknow,Uttar Pradesh,Cash on Delivery,Standard,6,2024-06
ORD-100264,2024-08-07,CUST-1911,Consumer,Fashion,Women's Kurti,1,1551.1,1551.1,357.38,Pune,Maharashtra,UPI,Standard,4,2024-08
ORD-100265,2025-12-07,CUST-1262,Corporate,Electronics,Wireless Earbuds,3,3980.73,11942.19,1624.31,Bengaluru,Karnataka,UPI,Standard,8,2025-12
ORD-100266,2024-11-28,CUST-1798,Consumer,Fashion,Women's Kurti,3,1643.29,4929.87,1363.32,Ahmedabad,Gujarat,Debit Card,Express,3,2024-11
ORD-100267,2024-05-03,CUST-1334,Consumer,Fashion,Denim Jeans,4,1981.31,7925.24,2094.82,Delhi,Delhi,UPI,Standard,8,2024-05
ORD-100268,2025-09-01,CUST-1513,Consumer,Electronics,Laptop,2,61953.48,123906.96,15968.41,Indore,Madhya Pradesh,Debit Card,Standard,6,2025-09
ORD-100269,2025-05-14,CUST-1687,Consumer,Beauty,Makeup Kit,1,2287.94,2287.94,580.96,Chennai,Tamil Nadu,UPI,Express,2,2025-05
ORD-100270,2024-01-25,CUST-1115,Corporate,Electronics,Wireless Earbuds,3,3245.87,9737.61,1182.87,Pune,Maharashtra,UPI,Standard,6,2024-01
ORD-100271,2024-10-21,CUST-1637,Corporate,Home & Kitchen,Cookware Set,1,4436.7,4436.7,633.25,Lucknow,Uttar Pradesh,UPI,Standard,6,2024-10
ORD-100272,2025-11-10,CUST-1885,Consumer,Beauty,Face Serum,2,1066.66,2133.32,550.35,Mumbai,Maharashtra,UPI,Standard,6,2025-11
ORD-100273,2025-01-24,CUST-1944,Consumer,Grocery,Tea Powder Pack,2,485.42,970.84,73.7,Hyderabad,Telangana,UPI,Standard,4,2025-01
ORD-100274,2025-12-01,CUST-1230,Consumer,Fashion,Women's Kurti,1,1582.6,1582.6,501.61,Bengaluru,Karnataka,Cash on Delivery,Express,4,2025-12
ORD-100275,2025-06-17,CUST-1668,Consumer,Beauty,Face Serum,5,998.91,4994.55,1205.61,Ahmedabad,Gujarat,Credit Card,Standard,8,2025-06
ORD-100276,2025-12-23,CUST-1188,Consumer,Grocery,Cooking Oil Can,4,1077.94,4311.76,453.54,Mumbai,Maharashtra,Cash on Delivery,Standard,8,2025-12
ORD-100277,2025-02-27,CUST-1620,Consumer,Beauty,Sunscreen Lotion,5,627.21,3136.05,1014.1,Lucknow,Uttar Pradesh,UPI,Standard,4,2025-02
ORD-100278,2025-12-05,CUST-1782,Small Business,Electronics,Smartphone,3,20185.97,60557.91,10061.84,Mumbai,Maharashtra,Net Banking,Standard,5,2025-12
ORD-100279,2024-07-26,CUST-1737,Consumer,Accessories,Phone Case,3,404.33,1212.99,271.78,Ahmedabad,Gujarat,Credit Card,Standard,7,2024-07
ORD-100280,2025-10-18,CUST-1528,Corporate,Beauty,Shampoo Combo,4,1038.72,4154.88,938.75,Chennai,Tamil Nadu,Net Banking,Standard,4,2025-10
ORD-100281,2024-11-07,CUST-1184,Corporate,Electronics,Laptop,3,65706.24,197118.72000000003,20694.27,Delhi,Delhi,Net Banking,Express,4,2024-11
ORD-100282,2024-11-27,CUST-1093,Consumer,Beauty,Hair Dryer,2,1975.5,3951.0,1120.72,Delhi,Delhi,UPI,Same Day,0,2024-11
ORD-100283,2025-06-07,CUST-1429,Consumer,Fashion,Ethnic Saree,2,2589.36,5178.72,964.0,Kolkata,West Bengal,Debit Card,Standard,5,2025-06
ORD-100284,2024-04-30,CUST-1602,Corporate,Accessories,Leather Wallet,4,1034.03,4136.12,1129.34,Pune,Maharashtra,Credit Card,Standard,7,2024-04
ORD-100285,2024-09-07,CUST-1339,Small Business,Fashion,Ethnic Saree,4,3164.81,12659.24,3732.16,Pune,Maharashtra,UPI,Standard,4,2024-09
ORD-100286,2024-10-18,CUST-1919,Consumer,Fashion,Women's Kurti,2,1900.31,3800.62,1103.03,Hyderabad,Telangana,UPI,Standard,6,2024-10
ORD-100287,2025-04-27,CUST-1741,Corporate,Fashion,Ethnic Saree,1,3008.58,3008.58,763.54,Bengaluru,Karnataka,Net Banking,Express,2,2025-04
ORD-100288,2024-11-20,CUST-1198,Consumer,Accessories,Leather Wallet,1,1105.58,1105.58,253.93,Delhi,Delhi,UPI,Express,2,2024-11
ORD-100289,2024-07-31,CUST-1518,Consumer,Home & Kitchen,Mixer Grinder,3,4870.81,14612.43,3028.42,Ahmedabad,Gujarat,Debit Card,Standard,4,2024-07
ORD-100290,2025-08-05,CUST-1913,Small Business,Electronics,Wireless Earbuds,2,3108.54,6217.08,657.81,Mumbai,Maharashtra,Unknown,Express,2,2025-08
ORD-100291,2024-02-27,CUST-1287,Corporate,Home & Kitchen,Air Fryer,3,7517.77,22553.31,4607.78,Kochi,Kerala,UPI,Express,2,2024-02
ORD-100292,2025-08-07,CUST-1849,Small Business,Fashion,Ethnic Saree,2,2610.91,5221.82,1511.86,Jaipur,Rajasthan,UPI,Standard,5,2025-08
ORD-100293,2024-02-08,CUST-1146,Corporate,Fashion,Men's Casual Shirt,3,1362.89,4088.67,750.23,Mumbai,Maharashtra,UPI,Express,3,2024-02
ORD-100294,2024-05-15,CUST-1105,Consumer,Accessories,Travel Duffel Bag,1,2136.56,2136.56,595.54,Kolkata,West Bengal,Debit Card,Express,3,2024-05
ORD-100295,2025-10-16,CUST-1211,Consumer,Fashion,Ethnic Saree,4,3204.37,12817.48,2803.58,Ahmedabad,Gujarat,Credit Card,Standard,4,2025-10
ORD-100296,2024-06-24,CUST-1721,Consumer,Fashion,Running Shoes,1,3365.48,3365.48,814.82,Pune,Maharashtra,Credit Card,Standard,7,2024-06
ORD-100297,2024-11-15,CUST-1317,Corporate,Grocery,Tea Powder Pack,1,496.74,496.74,60.18,Pune,Maharashtra,Debit Card,Standard,7,2024-11
ORD-100298,2024-05-27,CUST-1115,Consumer,Home & Kitchen,Cookware Set,4,3684.6,14738.4,3300.72,Kochi,Kerala,Credit Card,Standard,4,2024-05
ORD-100299,2024-05-10,CUST-1561,Consumer,Electronics,Wireless Earbuds,2,3477.57,6955.14,1073.07,Pune,Maharashtra,Credit Card,Standard,5,2024-05
ORD-100300,2025-08-28,CUST-1333,Consumer,Electronics,Bluetooth Speaker,1,3232.48,3232.48,455.94,Jaipur,Rajasthan,Cash on Delivery,Express,2,2025-08
ORD-100301,2024-04-21,CUST-1463,Consumer,Electronics,Laptop,2,60725.62,121451.24,19892.25,Bengaluru,Karnataka,UPI,Standard,4,2024-04
ORD-100302,2024-11-20,CUST-1867,Consumer,Home & Kitchen,Cookware Set,1,4552.98,4552.98,1149.18,Hyderabad,Telangana,UPI,Standard,8,2024-11
ORD-100303,2024-01-01,CUST-1445,Consumer,Fashion,Ethnic Saree,3,3107.47,9322.41,2802.08,Indore,Madhya Pradesh,Debit Card,Standard,7,2024-01
ORD-100304,2025-01-03,CUST-1140,Corporate,Home & Kitchen,Cookware Set,3,3231.18,9693.539999999999,1513.29,Chennai,Tamil Nadu,UPI,Standard,7,2025-01
ORD-100305,2025-09-30,CUST-1420,Small Business,Fashion,Ethnic Saree,1,3378.79,3378.79,821.07,Kochi,Kerala,Credit Card,Express,4,2025-09
ORD-100306,2025-12-22,CUST-1251,Consumer,Electronics,Smartphone,1,22934.46,22934.46,4049.23,Pune,Maharashtra,Unknown,Standard,8,2025-12
ORD-100307,2025-07-06,CUST-1296,Consumer,Accessories,Laptop Backpack,3,1644.75,4934.25,1113.62,Kolkata,West Bengal,Debit Card,Express,3,2025-07
ORD-100308,2025-07-31,CUST-1871,Corporate,Home & Kitchen,Bedsheet Set,1,1901.17,1901.17,415.9,Ahmedabad,Gujarat,UPI,Standard,5,2025-07
ORD-100309,2024-01-15,CUST-1351,Small Business,Home & Kitchen,Bedsheet Set,3,1888.33,5664.99,1241.19,Lucknow,Uttar Pradesh,Net Banking,Standard,5,2024-01
ORD-100310,2025-02-26,CUST-1475,Consumer,Home & Kitchen,Cookware Set,3,3313.19,9939.57,1643.04,Jaipur,Rajasthan,UPI,Express,2,2025-02
ORD-100311,2025-11-30,CUST-1979,Corporate,Beauty,Shampoo Combo,3,956.16,2868.48,1003.43,Hyderabad,Telangana,Credit Card,Same Day,1,2025-11
ORD-100312,2024-09-30,CUST-1688,Consumer,Beauty,Sunscreen Lotion,3,729.8,2189.3999999999996,555.78,Mumbai,Maharashtra,UPI,Standard,5,2024-09
ORD-100313,2025-04-01,CUST-1725,Small Business,Fashion,Ethnic Saree,1,3032.6,3032.6,560.32,Bengaluru,Karnataka,UPI,Standard,8,2025-04
ORD-100314,2025-10-25,CUST-1263,Consumer,Home & Kitchen,Air Fryer,2,10592.02,21184.04,3609.77,Kolkata,West Bengal,UPI,Same Day,1,2025-10
ORD-100315,2024-03-02,CUST-1628,Corporate,Grocery,Tea Powder Pack,1,498.41,498.41,45.56,Delhi,Delhi,Cash on Delivery,Standard,8,2024-03
ORD-100316,2024-03-13,CUST-1527,Corporate,Beauty,Face Serum,2,902.66,1805.32,559.01,Bengaluru,Karnataka,Debit Card,Standard,6,2024-03
ORD-100317,2024-03-12,CUST-1374,Consumer,Home & Kitchen,Air Fryer,2,6871.22,13742.44,2718.91,Lucknow,Uttar Pradesh,Net Banking,Express,2,2024-03
ORD-100318,2024-10-23,CUST-1752,Consumer,Electronics,Laptop,2,63611.77,127223.54,11900.47,Ahmedabad,Gujarat,UPI,Standard,4,2024-10
ORD-100319,2025-02-02,CUST-1216,Corporate,Electronics,Smart Watch,1,6703.8,6703.8,789.01,Hyderabad,Telangana,Debit Card,Standard,4,2025-02
ORD-100320,2025-08-16,CUST-1926,Consumer,Fashion,Ethnic Saree,1,2520.47,2520.47,626.2,Hyderabad,Telangana,Debit Card,Express,2,2025-08
ORD-100321,2024-03-06,CUST-1999,Corporate,Fashion,Women's Kurti,3,1364.66,4093.9800000000005,1194.97,Jaipur,Rajasthan,Credit Card,Same Day,0,2024-03
ORD-100322,2025-08-30,CUST-1796,Consumer,Fashion,Women's Kurti,1,1346.55,1346.55,385.19,Ahmedabad,Gujarat,Cash on Delivery,Standard,5,2025-08
ORD-100323,2024-04-01,CUST-1960,Consumer,Electronics,Smartphone,3,23017.38,69052.14,7978.0,Hyderabad,Telangana,Debit Card,Standard,7,2024-04
ORD-100324,2024-03-31,CUST-1475,Corporate,Home & Kitchen,Air Fryer,2,8573.16,17146.32,2885.33,Pune,Maharashtra,Debit Card,Standard,8,2024-03
ORD-100325,2024-06-01,CUST-1044,Consumer,Fashion,Women's Kurti,2,1726.8,3453.6,706.9,Bengaluru,Karnataka,UPI,Standard,6,2024-06
ORD-100326,2025-05-11,CUST-1100,Consumer,Home & Kitchen,Cookware Set,2,3149.44,6298.88,1320.07,Jaipur,Rajasthan,UPI,Standard,4,2025-05
ORD-100327,2025-08-22,CUST-1130,Consumer,Electronics,Bluetooth Speaker,2,3162.14,6324.28,651.68,Bengaluru,Karnataka,Credit Card,Express,2,2025-08
ORD-100328,2025-04-14,CUST-1421,Corporate,Fashion,Men's Casual Shirt,1,1311.47,1311.47,290.26,Lucknow,Uttar Pradesh,Credit Card,Standard,8,2025-04
ORD-100329,2025-04-18,CUST-1045,Consumer,Accessories,Travel Duffel Bag,1,2602.57,2602.57,632.03,Delhi,Delhi,Credit Card,Standard,8,2025-04
ORD-100330,2025-02-07,CUST-1244,Corporate,Beauty,Face Serum,2,1048.27,2096.54,625.16,Delhi,Delhi,UPI,Same Day,1,2025-02
ORD-100331,2025-04-15,CUST-1881,Consumer,Home & Kitchen,Bedsheet Set,4,1960.63,7842.52,1824.33,Hyderabad,Telangana,UPI,Standard,7,2025-04
ORD-100332,2025-03-12,CUST-1909,Consumer,Beauty,Shampoo Combo,3,860.36,2581.08,815.24,Bengaluru,Karnataka,UPI,Same Day,1,2025-03
ORD-100333,2024-06-28,CUST-1771,Corporate,Home & Kitchen,Mixer Grinder,2,4524.93,9049.86,1417.29,Mumbai,Maharashtra,UPI,Express,4,2024-06
ORD-100334,2025-03-09,CUST-1819,Corporate,Fashion,Running Shoes,1,2872.78,2872.78,712.66,Chennai,Tamil Nadu,Debit Card,Standard,6,2025-03
ORD-100335,2025-04-13,CUST-1300,Consumer,Accessories,Laptop Backpack,1,1681.96,1681.96,303.95,Hyderabad,Telangana,Debit Card,Standard,5,2025-04
ORD-100336,2025-03-30,CUST-1468,Consumer,Accessories,Sunglasses,3,1151.82,3455.46,715.36,Mumbai,Maharashtra,UPI,Standard,6,2025-03
ORD-100337,2024-08-20,CUST-1859,Corporate,Grocery,Cooking Oil Can,2,1094.21,2188.42,160.43,Jaipur,Rajasthan,Cash on Delivery,Express,2,2024-08
ORD-100338,2024-02-12,CUST-1546,Consumer,Grocery,Cooking Oil Can,5,988.82,4944.1,559.89,Hyderabad,Telangana,Net Banking,Standard,7,2024-02
ORD-100339,2025-04-14,CUST-1818,Consumer,Fashion,Denim Jeans,4,1939.76,7759.04,1989.89,Ahmedabad,Gujarat,Cash on Delivery,Same Day,0,2025-04
ORD-100340,2024-02-11,CUST-1800,Small Business,Fashion,Men's Casual Shirt,1,1241.12,1241.12,293.19,Ahmedabad,Gujarat,UPI,Express,4,2024-02
ORD-100341,2025-11-24,CUST-1378,Consumer,Electronics,Smart Watch,2,6937.25,13874.5,1887.78,Lucknow,Uttar Pradesh,UPI,Standard,5,2025-11
ORD-100342,2025-07-28,CUST-1147,Consumer,Fashion,Running Shoes,1,3468.16,3468.16,1106.22,Indore,Madhya Pradesh,Credit Card,Standard,7,2025-07
ORD-100343,2025-08-27,CUST-1567,Consumer,Grocery,Dry Fruit Box,3,1266.67,3800.01,443.92,Bengaluru,Karnataka,Cash on Delivery,Standard,5,2025-08
ORD-100344,2025-07-26,CUST-1503,Small Business,Fashion,Ethnic Saree,3,2640.02,7920.0599999999995,1596.39,Mumbai,Maharashtra,Credit Card,Express,3,2025-07
ORD-100345,2024-03-09,CUST-1166,Consumer,Electronics,Wireless Earbuds,2,3434.52,6869.04,915.26,Chennai,Tamil Nadu,UPI,Standard,8,2024-03
ORD-100346,2024-02-24,CUST-1556,Consumer,Home & Kitchen,Cookware Set,1,3491.12,3491.12,610.19,Mumbai,Maharashtra,UPI,Express,2,2024-02
ORD-100347,2025-12-15,CUST-1158,Consumer,Grocery,Dry Fruit Box,2,1269.57,2539.14,228.12,Mumbai,Maharashtra,Cash on Delivery,Standard,5,2025-12
ORD-100348,2025-06-22,CUST-1142,Corporate,Grocery,Snack Combo,3,377.83,1133.49,78.58,Pune,Maharashtra,Cash on Delivery,Standard,6,2025-06
ORD-100349,2024-11-07,CUST-1793,Consumer,Home & Kitchen,Bedsheet Set,1,2353.56,2353.56,369.7,Hyderabad,Telangana,UPI,Standard,4,2024-11
ORD-100350,2025-06-09,CUST-1686,Consumer,Electronics,Smartphone,2,22249.55,44499.1,7643.51,Jaipur,Rajasthan,UPI,Standard,8,2025-06
ORD-100351,2024-12-22,CUST-1923,Corporate,Grocery,Dry Fruit Box,1,1567.21,1567.21,196.79,Kochi,Kerala,UPI,Standard,5,2024-12
ORD-100352,2025-12-25,CUST-1126,Consumer,Beauty,Hair Dryer,2,1935.86,3871.72,1304.24,Kochi,Kerala,Credit Card,Standard,7,2025-12
ORD-100353,2025-07-24,CUST-1193,Corporate,Home & Kitchen,Bedsheet Set,3,1625.45,4876.35,950.08,Kolkata,West Bengal,Cash on Delivery,Standard,7,2025-07
ORD-100354,2025-11-21,CUST-1998,Consumer,Grocery,Dry Fruit Box,2,1502.41,3004.82,276.59,Hyderabad,Telangana,UPI,Standard,5,2025-11
ORD-100355,2025-03-10,CUST-1523,Consumer,Grocery,Tea Powder Pack,3,431.09,1293.27,144.21,Bengaluru,Karnataka,Debit Card,Standard,8,2025-03
ORD-100356,2024-08-24,CUST-1778,Consumer,Electronics,Wireless Earbuds,2,3211.92,6423.84,635.73,Chennai,Tamil Nadu,Debit Card,Express,3,2024-08
ORD-100357,2025-11-08,CUST-1322,Corporate,Beauty,Makeup Kit,2,2651.41,5302.82,1179.74,Hyderabad,Telangana,UPI,Express,3,2025-11
ORD-100358,2024-11-06,CUST-1487,Consumer,Electronics,Bluetooth Speaker,4,3059.37,12237.48,1575.71,Chennai,Tamil Nadu,UPI,Standard,8,2024-11
ORD-100359,2025-01-21,CUST-1389,Consumer,Electronics,Wireless Earbuds,2,3425.71,6851.42,1219.56,Chennai,Tamil Nadu,UPI,Express,4,2025-01
ORD-100360,2024-09-07,CUST-1581,Consumer,Fashion,Running Shoes,1,4008.09,4008.09,1232.31,Bengaluru,Karnataka,UPI,Standard,7,2024-09
ORD-100361,2024-11-20,CUST-1372,Small Business,Electronics,Laptop,1,67706.61,67706.61,9582.41,Pune,Maharashtra,UPI,Express,2,2024-11
ORD-100362,2025-07-02,CUST-1068,Consumer,Beauty,Face Serum,1,906.53,906.53,278.7,Jaipur,Rajasthan,Credit Card,Standard,8,2025-07
ORD-100363,2025-10-29,CUST-1642,Corporate,Fashion,Running Shoes,3,3856.43,11569.289999999999,3157.07,Jaipur,Rajasthan,Cash on Delivery,Express,2,2025-10
ORD-100364,2025-04-23,CUST-1154,Corporate,Home & Kitchen,Cookware Set,1,3705.17,3705.17,921.92,Kolkata,West Bengal,Debit Card,Standard,7,2025-04
ORD-100365,2024-03-06,CUST-1475,Consumer,Grocery,Tea Powder Pack,2,502.59,1005.18,79.3,Mumbai,Maharashtra,Net Banking,Standard,4,2024-03
ORD-100366,2024-10-06,CUST-1887,Consumer,Fashion,Men's Casual Shirt,1,1348.53,1348.53,367.09,Hyderabad,Telangana,Net Banking,Standard,4,2024-10
ORD-100367,2024-05-23,CUST-1791,Corporate,Grocery,Basmati Rice Pack,1,1143.86,1143.86,139.56,Delhi,Delhi,UPI,Standard,4,2024-05
ORD-100368,2024-08-29,CUST-1486,Corporate,Home & Kitchen,Air Fryer,4,7340.13,29360.52,5077.78,Jaipur,Rajasthan,Net Banking,Standard,4,2024-08
ORD-100369,2025-01-11,CUST-1316,Consumer,Grocery,Cooking Oil Can,3,841.61,2524.83,341.53,Mumbai,Maharashtra,Debit Card,Express,3,2025-01
ORD-100370,2024-08-30,CUST-1646,Consumer,Accessories,Laptop Backpack,4,1680.91,6723.64,1850.21,Chennai,Tamil Nadu,Cash on Delivery,Standard,5,2024-08
ORD-100371,2024-03-23,CUST-1360,Consumer,Beauty,Face Serum,3,1086.17,3258.51,1044.14,Mumbai,Maharashtra,Debit Card,Express,4,2024-03
ORD-100372,2024-01-29,CUST-1528,Corporate,Home & Kitchen,Bedsheet Set,3,1907.25,5721.75,1241.23,Delhi,Delhi,Debit Card,Standard,4,2024-01
ORD-100373,2025-12-03,CUST-1186,Consumer,Beauty,Hair Dryer,1,2057.47,2057.47,502.61,Lucknow,Uttar Pradesh,UPI,Standard,4,2025-12
ORD-100374,2024-01-24,CUST-1152,Consumer,Grocery,Snack Combo,4,371.42,1485.68,172.49,Hyderabad,Telangana,UPI,Standard,7,2024-01
ORD-100375,2025-06-22,CUST-1391,Consumer,Accessories,Laptop Backpack,1,1933.91,1933.91,542.79,Bengaluru,Karnataka,Cash on Delivery,Express,4,2025-06
ORD-100376,2024-07-12,CUST-1480,Consumer,Home & Kitchen,Bedsheet Set,1,1789.9,1789.9,306.82,Ahmedabad,Gujarat,UPI,Express,2,2024-07
ORD-100377,2025-12-26,CUST-1005,Consumer,Beauty,Hair Dryer,1,1884.99,1884.99,660.4,Kolkata,West Bengal,Credit Card,Standard,8,2025-12
ORD-100378,2024-05-15,CUST-1266,Consumer,Fashion,Denim Jeans,5,2177.02,10885.1,2355.98,Kolkata,West Bengal,UPI,Standard,8,2024-05
ORD-100379,2025-03-16,CUST-1054,Consumer,Electronics,Wireless Earbuds,1,3939.4,3939.4,571.86,Ahmedabad,Gujarat,UPI,Same Day,1,2025-03
ORD-100380,2025-12-23,CUST-1095,Consumer,Electronics,Laptop,2,52924.23,105848.46,18054.12,Hyderabad,Telangana,UPI,Standard,5,2025-12
ORD-100381,2025-07-30,CUST-1291,Corporate,Grocery,Snack Combo,4,365.4,1461.6,136.39,Jaipur,Rajasthan,Debit Card,Express,3,2025-07
ORD-100382,2024-04-18,CUST-1332,Small Business,Fashion,Ethnic Saree,3,2584.56,7753.68,2297.4,Kochi,Kerala,Net Banking,Standard,4,2024-04
ORD-100383,2024-02-19,CUST-1872,Consumer,Accessories,Travel Duffel Bag,3,2302.15,6906.450000000001,1351.75,Bengaluru,Karnataka,UPI,Standard,7,2024-02
ORD-100384,2025-05-17,CUST-1274,Consumer,Fashion,Women's Kurti,3,1629.07,4887.21,1498.04,Bengaluru,Karnataka,UPI,Standard,7,2025-05
ORD-100385,2025-03-20,CUST-1479,Consumer,Beauty,Sunscreen Lotion,2,588.92,1177.84,365.91,Pune,Maharashtra,Cash on Delivery,Standard,8,2025-03
ORD-100386,2025-12-01,CUST-1363,Consumer,Home & Kitchen,Cookware Set,4,3904.71,15618.84,2276.09,Indore,Madhya Pradesh,UPI,Standard,4,2025-12
ORD-100387,2025-04-18,CUST-1989,Small Business,Home & Kitchen,Mixer Grinder,1,3910.28,3910.28,958.84,Ahmedabad,Gujarat,Cash on Delivery,Express,3,2025-04
ORD-100388,2025-09-10,CUST-1310,Consumer,Electronics,Smartphone,1,27739.67,27739.67,3579.58,Ahmedabad,Gujarat,Net Banking,Standard,8,2025-09
ORD-100389,2024-03-30,CUST-1088,Consumer,Fashion,Denim Jeans,1,1856.16,1856.16,338.24,Jaipur,Rajasthan,Credit Card,Express,4,2024-03
ORD-100390,2024-06-05,CUST-1645,Corporate,Home & Kitchen,Mixer Grinder,3,4219.63,12658.89,2455.09,Bengaluru,Karnataka,UPI,Standard,6,2024-06
ORD-100391,2025-09-02,CUST-1540,Consumer,Fashion,Denim Jeans,3,2873.8,8621.400000000001,2034.26,Ahmedabad,Gujarat,Credit Card,Express,4,2025-09
ORD-100392,2025-03-03,CUST-1601,Small Business,Home & Kitchen,Bedsheet Set,4,1642.94,6571.76,1273.6,Lucknow,Uttar Pradesh,UPI,Standard,7,2025-03
ORD-100393,2024-10-27,CUST-1683,Consumer,Home & Kitchen,Air Fryer,3,9105.55,27316.649999999998,5963.23,Bengaluru,Karnataka,UPI,Standard,5,2024-10
ORD-100394,2025-03-01,CUST-1345,Consumer,Electronics,Laptop,4,59058.1,236232.4,26251.25,Bengaluru,Karnataka,Credit Card,Standard,8,2025-03
ORD-100395,2024-12-14,CUST-1985,Corporate,Electronics,Bluetooth Speaker,3,3067.19,9201.57,1465.89,Chennai,Tamil Nadu,UPI,Standard,4,2024-12
ORD-100396,2024-04-14,CUST-1157,Corporate,Electronics,Smart Watch,3,5796.38,17389.14,1729.99,Pune,Maharashtra,UPI,Standard,8,2024-04
ORD-100397,2025-03-01,CUST-1806,Consumer,Electronics,Bluetooth Speaker,3,2469.16,7407.48,1223.22,Delhi,Delhi,Cash on Delivery,Standard,5,2025-03
ORD-100398,2025-06-12,CUST-1402,Corporate,Fashion,Denim Jeans,3,2060.72,6182.16,1238.79,Lucknow,Uttar Pradesh,Debit Card,Standard,5,2025-06
ORD-100399,2025-10-08,CUST-1846,Consumer,Beauty,Shampoo Combo,5,1041.93,5209.650000000001,1792.17,Bengaluru,Karnataka,Credit Card,Express,3,2025-10
ORD-100400,2024-07-29,CUST-1399,Corporate,Accessories,Sunglasses,4,1371.27,5485.08,1473.05,Delhi,Delhi,Debit Card,Express,2,2024-07
ORD-100401,2024-04-05,CUST-1517,Consumer,Electronics,Smart Watch,2,6288.3,12576.6,1517.54,Mumbai,Maharashtra,UPI,Express,4,2024-04
ORD-100402,2024-02-18,CUST-1358,Consumer,Fashion,Ethnic Saree,3,3202.01,9606.03,2498.92,Mumbai,Maharashtra,Debit Card,Standard,8,2024-02
ORD-100403,2025-01-21,CUST-1435,Small Business,Grocery,Snack Combo,2,332.27,664.54,45.08,Kolkata,West Bengal,Credit Card,Express,2,2025-01
ORD-100404,2025-02-16,CUST-1517,Consumer,Fashion,Running Shoes,2,3280.97,6561.94,1423.4,Kolkata,West Bengal,Debit Card,Standard,7,2025-02
ORD-100405,2024-04-30,CUST-1041,Consumer,Electronics,Smart Watch,2,6548.89,13097.78,1217.24,Lucknow,Uttar Pradesh,UPI,Standard,6,2024-04
ORD-100406,2025-05-12,CUST-1069,Small Business,Fashion,Running Shoes,1,2944.01,2944.01,703.75,Mumbai,Maharashtra,UPI,Express,2,2025-05
ORD-100407,2024-12-11,CUST-1396,Consumer,Home & Kitchen,Storage Containers,3,911.76,2735.2799999999997,633.04,Delhi,Delhi,UPI,Standard,6,2024-12
ORD-100408,2025-10-23,CUST-1980,Consumer,Home & Kitchen,Air Fryer,1,8526.33,8526.33,1983.15,Ahmedabad,Gujarat,UPI,Standard,8,2025-10
ORD-100409,2025-06-28,CUST-1503,Small Business,Home & Kitchen,Mixer Grinder,1,3718.31,3718.31,835.41,Bengaluru,Karnataka,UPI,Standard,7,2025-06
ORD-100410,2025-06-24,CUST-1060,Consumer,Fashion,Denim Jeans,1,1999.22,1999.22,387.66,Bengaluru,Karnataka,UPI,Standard,7,2025-06
ORD-100411,2024-04-11,CUST-1972,Consumer,Electronics,Smartphone,1,21902.99,21902.99,2610.39,Mumbai,Maharashtra,UPI,Standard,7,2024-04
ORD-100412,2024-01-30,CUST-1456,Consumer,Home & Kitchen,Air Fryer,1,7374.49,7374.49,1885.04,Bengaluru,Karnataka,Credit Card,Express,4,2024-01
ORD-100413,2024-06-21,CUST-1955,Small Business,Electronics,Bluetooth Speaker,3,2885.43,8656.289999999999,1109.2,Mumbai,Maharashtra,UPI,Standard,5,2024-06
ORD-100414,2025-10-09,CUST-1215,Consumer,Fashion,Denim Jeans,1,2763.94,2763.94,559.97,Indore,Madhya Pradesh,Net Banking,Express,3,2025-10
ORD-100415,2025-12-25,CUST-1004,Small Business,Fashion,Running Shoes,2,3036.35,6072.7,1383.53,Pune,Maharashtra,Debit Card,Express,4,2025-12
ORD-100416,2025-07-05,CUST-1396,Consumer,Fashion,Denim Jeans,1,2363.51,2363.51,603.67,Ahmedabad,Gujarat,Debit Card,Same Day,1,2025-07
ORD-100417,2025-01-14,CUST-1239,Small Business,Beauty,Face Serum,4,954.26,3817.04,1332.13,Bengaluru,Karnataka,Net Banking,Standard,6,2025-01
ORD-100418,2025-12-24,CUST-1066,Consumer,Electronics,Laptop,2,51155.88,102311.76,18271.21,Lucknow,Uttar Pradesh,Debit Card,Standard,8,2025-12
ORD-100419,2025-06-19,CUST-1874,Small Business,Electronics,Smart Watch,3,6219.28,18657.84,3102.61,Lucknow,Uttar Pradesh,UPI,Express,3,2025-06
ORD-100420,2025-06-14,CUST-1901,Consumer,Accessories,Leather Wallet,2,883.09,1766.18,393.58,Bengaluru,Karnataka,UPI,Standard,5,2025-06
ORD-100421,2024-09-12,CUST-1484,Consumer,Beauty,Makeup Kit,1,2523.79,2523.79,707.85,Kochi,Kerala,UPI,Same Day,0,2024-09
ORD-100422,2024-08-30,CUST-1801,Consumer,Electronics,Wireless Earbuds,4,3840.23,15360.92,2239.02,Chennai,Tamil Nadu,Cash on Delivery,Standard,6,2024-08
ORD-100423,2025-03-18,CUST-1393,Consumer,Fashion,Running Shoes,1,3423.1,3423.1,757.49,Pune,Maharashtra,UPI,Standard,8,2025-03
ORD-100424,2025-11-22,CUST-1363,Consumer,Home & Kitchen,Mixer Grinder,3,4991.39,14974.170000000002,2280.91,Mumbai,Maharashtra,Debit Card,Standard,8,2025-11
ORD-100425,2024-02-15,CUST-1298,Consumer,Fashion,Women's Kurti,1,1450.9,1450.9,456.11,Hyderabad,Telangana,UPI,Standard,6,2024-02
ORD-100426,2025-06-03,CUST-1614,Corporate,Home & Kitchen,Cookware Set,3,3628.26,10884.78,2799.36,Bengaluru,Karnataka,Cash on Delivery,Standard,7,2025-06
ORD-100427,2025-03-04,CUST-1752,Corporate,Home & Kitchen,Bedsheet Set,1,1636.84,1636.84,326.57,Pune,Maharashtra,Cash on Delivery,Standard,5,2025-03
ORD-100428,2024-07-07,CUST-1203,Consumer,Grocery,Tea Powder Pack,3,396.85,1190.5500000000002,113.38,Hyderabad,Telangana,UPI,Same Day,0,2024-07
ORD-100429,2025-07-21,CUST-1467,Consumer,Grocery,Cooking Oil Can,1,888.13,888.13,63.04,Mumbai,Maharashtra,Cash on Delivery,Express,2,2025-07
ORD-100430,2025-09-30,CUST-1943,Consumer,Beauty,Shampoo Combo,4,1062.9,4251.6,1408.49,Indore,Madhya Pradesh,Credit Card,Standard,8,2025-09
ORD-100431,2024-06-01,CUST-1171,Consumer,Electronics,Smart Watch,1,5816.93,5816.93,940.05,Mumbai,Maharashtra,Debit Card,Standard,7,2024-06
ORD-100432,2025-06-15,CUST-1212,Consumer,Beauty,Shampoo Combo,2,776.09,1552.18,449.0,Mumbai,Maharashtra,UPI,Same Day,0,2025-06
ORD-100433,2025-03-11,CUST-1524,Consumer,Grocery,Tea Powder Pack,4,467.99,1871.96,124.9,Hyderabad,Telangana,UPI,Standard,8,2025-03
ORD-100434,2025-05-24,CUST-1100,Consumer,Home & Kitchen,Air Fryer,1,7699.1,7699.1,1674.11,Mumbai,Maharashtra,UPI,Standard,4,2025-05
ORD-100435,2024-12-03,CUST-1788,Consumer,Home & Kitchen,Bedsheet Set,1,1959.59,1959.59,319.17,Hyderabad,Telangana,Cash on Delivery,Express,3,2024-12
ORD-100436,2025-08-16,CUST-1739,Corporate,Grocery,Tea Powder Pack,3,397.5,1192.5,93.26,Kochi,Kerala,UPI,Standard,5,2025-08
ORD-100437,2025-12-15,CUST-1429,Consumer,Electronics,Bluetooth Speaker,1,2807.93,2807.93,468.26,Delhi,Delhi,Debit Card,Standard,6,2025-12
ORD-100438,2025-08-24,CUST-1971,Consumer,Beauty,Shampoo Combo,1,879.92,879.92,234.27,Mumbai,Maharashtra,Credit Card,Standard,7,2025-08
ORD-100439,2025-04-07,CUST-1238,Consumer,Electronics,Smartphone,2,21236.62,42473.24,4477.87,Mumbai,Maharashtra,Credit Card,Standard,7,2025-04
ORD-100440,2024-06-24,CUST-1317,Consumer,Fashion,Running Shoes,1,3631.19,3631.19,1156.69,Chennai,Tamil Nadu,Debit Card,Same Day,0,2024-06
ORD-100441,2024-11-13,CUST-1471,Consumer,Home & Kitchen,Storage Containers,2,1083.98,2167.96,305.45,Pune,Maharashtra,UPI,Express,3,2024-11
ORD-100442,2025-12-29,CUST-1402,Corporate,Electronics,Laptop,3,57391.31,172173.93,28255.23,Mumbai,Maharashtra,UPI,Standard,5,2025-12
ORD-100443,2025-10-05,CUST-1516,Corporate,Grocery,Cooking Oil Can,2,1195.73,2391.46,222.17,Mumbai,Maharashtra,UPI,Standard,6,2025-10
ORD-100444,2024-02-15,CUST-1334,Corporate,Fashion,Running Shoes,2,2881.58,5763.16,1642.29,Hyderabad,Telangana,Credit Card,Standard,4,2024-02
ORD-100445,2024-09-05,CUST-1687,Corporate,Home & Kitchen,Mixer Grinder,3,4968.7,14906.099999999999,2375.5,Chennai,Tamil Nadu,Debit Card,Standard,7,2024-09
ORD-100446,2024-02-05,CUST-1612,Consumer,Electronics,Wireless Earbuds,4,3601.65,14406.6,1869.76,Hyderabad,Telangana,Debit Card,Standard,6,2024-02
ORD-100447,2024-09-01,CUST-1045,Consumer,Beauty,Hair Dryer,1,1878.66,1878.66,592.14,Mumbai,Maharashtra,UPI,Standard,5,2024-09
ORD-100448,2025-10-01,CUST-1225,Consumer,Fashion,Ethnic Saree,1,3408.66,3408.66,671.21,Pune,Maharashtra,Cash on Delivery,Standard,7,2025-10
ORD-100449,2024-08-11,CUST-1646,Corporate,Beauty,Sunscreen Lotion,1,711.69,711.69,235.41,Bengaluru,Karnataka,Debit Card,Standard,4,2024-08
ORD-100450,2025-10-12,CUST-1238,Consumer,Accessories,Phone Case,3,569.52,1708.56,380.75,Mumbai,Maharashtra,Debit Card,Standard,5,2025-10
ORD-100451,2024-09-06,CUST-1137,Consumer,Electronics,Bluetooth Speaker,2,2962.96,5925.92,733.08,Ahmedabad,Gujarat,Credit Card,Standard,7,2024-09
ORD-100452,2025-02-28,CUST-1622,Small Business,Beauty,Shampoo Combo,2,768.61,1537.22,390.32,Jaipur,Rajasthan,Credit Card,Express,4,2025-02
ORD-100453,2025-05-18,CUST-1436,Corporate,Electronics,Smartphone,1,20545.59,20545.59,3022.11,Bengaluru,Karnataka,UPI,Same Day,0,2025-05
ORD-100454,2025-09-12,CUST-1432,Consumer,Beauty,Hair Dryer,1,2038.83,2038.83,671.55,Delhi,Delhi,Debit Card,Standard,5,2025-09
ORD-100455,2025-01-25,CUST-1073,Consumer,Beauty,Makeup Kit,1,1987.27,1987.27,591.01,Bengaluru,Karnataka,Debit Card,Standard,6,2025-01
ORD-100456,2025-05-27,CUST-1943,Consumer,Electronics,Bluetooth Speaker,3,2757.42,8272.26,1045.7,Bengaluru,Karnataka,Net Banking,Same Day,0,2025-05
ORD-100457,2024-12-22,CUST-1714,Corporate,Electronics,Laptop,2,58975.22,117950.44,17924.23,Kochi,Kerala,UPI,Standard,6,2024-12
ORD-100458,2025-09-08,CUST-1897,Consumer,Home & Kitchen,Cookware Set,2,4400.64,8801.28,1329.67,Hyderabad,Telangana,Cash on Delivery,Same Day,0,2025-09
ORD-100459,2025-06-29,CUST-1766,Consumer,Fashion,Running Shoes,2,3158.98,6317.96,1501.31,Chennai,Tamil Nadu,Debit Card,Express,2,2025-06
ORD-100460,2025-05-18,CUST-1514,Small Business,Beauty,Face Serum,1,854.58,854.58,275.71,Indore,Madhya Pradesh,Credit Card,Express,3,2025-05
ORD-100461,2024-07-06,CUST-1283,Consumer,Grocery,Cooking Oil Can,3,887.04,2661.12,182.91,Hyderabad,Telangana,UPI,Standard,4,2024-07
ORD-100462,2024-04-13,CUST-1484,Corporate,Electronics,Laptop,1,55361.15,55361.15,9741.86,Kolkata,West Bengal,Credit Card,Standard,8,2024-04
ORD-100463,2024-09-02,CUST-1889,Consumer,Fashion,Running Shoes,4,4026.05,16104.2,3027.81,Indore,Madhya Pradesh,Net Banking,Express,2,2024-09
ORD-100464,2025-09-25,CUST-1694,Consumer,Beauty,Hair Dryer,2,2386.44,4772.88,1476.4,Mumbai,Maharashtra,Credit Card,Express,4,2025-09
ORD-100465,2024-12-22,CUST-1130,Consumer,Fashion,Ethnic Saree,1,3194.28,3194.28,1016.3,Jaipur,Rajasthan,UPI,Standard,5,2024-12
ORD-100466,2025-04-23,CUST-1164,Small Business,Grocery,Snack Combo,1,351.74,351.74,42.3,Indore,Madhya Pradesh,UPI,Standard,7,2025-04
ORD-100467,2024-09-20,CUST-1659,Consumer,Fashion,Running Shoes,2,4328.89,8657.78,2365.02,Hyderabad,Telangana,Cash on Delivery,Standard,5,2024-09
ORD-100468,2025-07-29,CUST-1130,Corporate,Beauty,Makeup Kit,5,2205.17,11025.85,2597.62,Kolkata,West Bengal,Net Banking,Standard,4,2025-07
ORD-100469,2025-08-27,CUST-1009,Consumer,Home & Kitchen,Mixer Grinder,2,4692.21,9384.42,1724.88,Mumbai,Maharashtra,Credit Card,Standard,5,2025-08
ORD-100470,2025-05-26,CUST-1646,Corporate,Electronics,Wireless Earbuds,2,3224.48,6448.96,744.89,Jaipur,Rajasthan,Credit Card,Standard,4,2025-05
ORD-100471,2024-12-07,CUST-1022,Consumer,Beauty,Makeup Kit,1,2377.53,2377.53,767.95,Bengaluru,Karnataka,UPI,Express,3,2024-12
ORD-100472,2025-02-04,CUST-1468,Corporate,Beauty,Sunscreen Lotion,1,704.27,704.27,208.97,Ahmedabad,Gujarat,Credit Card,Express,4,2025-02
ORD-100473,2024-05-28,CUST-1948,Consumer,Fashion,Denim Jeans,1,2320.96,2320.96,629.38,Mumbai,Maharashtra,UPI,Express,3,2024-05
ORD-100474,2025-06-11,CUST-1794,Corporate,Home & Kitchen,Mixer Grinder,2,4393.83,8787.66,1656.29,Bengaluru,Karnataka,Debit Card,Express,4,2025-06
ORD-100475,2025-10-27,CUST-1280,Corporate,Beauty,Makeup Kit,1,2744.11,2744.11,650.59,Lucknow,Uttar Pradesh,UPI,Standard,8,2025-10
ORD-100476,2025-10-22,CUST-1065,Consumer,Home & Kitchen,Air Fryer,3,8868.44,26605.32,6003.55,Chennai,Tamil Nadu,Credit Card,Express,4,2025-10
ORD-100477,2024-07-31,CUST-1089,Consumer,Beauty,Face Serum,5,1074.76,5373.8,1599.57,Ahmedabad,Gujarat,Cash on Delivery,Standard,5,2024-07
ORD-100478,2025-01-07,CUST-1590,Consumer,Electronics,Smartphone,5,20417.08,102085.40000000001,18165.0,Chennai,Tamil Nadu,UPI,Standard,8,2025-01
ORD-100479,2025-06-06,CUST-1284,Consumer,Accessories,Leather Wallet,1,816.95,816.95,240.22,Pune,Maharashtra,Credit Card,Standard,5,2025-06
ORD-100480,2025-10-27,CUST-1577,Corporate,Electronics,Wireless Earbuds,4,4097.03,16388.12,1597.72,Hyderabad,Telangana,Cash on Delivery,Standard,4,2025-10
ORD-100481,2024-11-19,CUST-1796,Consumer,Home & Kitchen,Air Fryer,5,9217.03,46085.15,6880.65,Jaipur,Rajasthan,Cash on Delivery,Standard,4,2024-11
ORD-100482,2024-08-15,CUST-1622,Consumer,Electronics,Smartphone,1,20006.82,20006.82,3467.33,Bengaluru,Karnataka,UPI,Standard,8,2024-08
ORD-100483,2025-11-25,CUST-1581,Corporate,Fashion,Denim Jeans,5,2549.54,12747.7,3810.9,Hyderabad,Telangana,Unknown,Standard,5,2025-11
ORD-100484,2024-09-12,CUST-1970,Consumer,Beauty,Sunscreen Lotion,2,764.78,1529.56,436.86,Kolkata,West Bengal,Debit Card,Standard,5,2024-09
ORD-100485,2024-09-02,CUST-1491,Consumer,Grocery,Basmati Rice Pack,4,1202.25,4809.0,624.92,Bengaluru,Karnataka,Debit Card,Standard,8,2024-09
ORD-100486,2025-02-19,CUST-1621,Consumer,Beauty,Shampoo Combo,1,746.6,746.6,220.1,Kolkata,West Bengal,UPI,Express,4,2025-02
ORD-100487,2024-06-28,CUST-1297,Consumer,Accessories,Travel Duffel Bag,1,2676.08,2676.08,470.6,Lucknow,Uttar Pradesh,UPI,Same Day,0,2024-06
ORD-100488,2024-11-08,CUST-1362,Consumer,Electronics,Smart Watch,4,8809.44,35237.76,4806.35,Delhi,Delhi,UPI,Standard,7,2024-11
ORD-100489,2024-04-13,CUST-1306,Consumer,Beauty,Makeup Kit,1,2057.69,2057.69,715.74,Mumbai,Maharashtra,Cash on Delivery,Standard,7,2024-04
ORD-100490,2025-03-25,CUST-1761,Consumer,Home & Kitchen,Bedsheet Set,2,1805.44,3610.88,508.04,Bengaluru,Karnataka,UPI,Standard,5,2025-03
ORD-100491,2024-09-29,CUST-1980,Consumer,Beauty,Makeup Kit,1,2639.97,2639.97,858.39,Indore,Madhya Pradesh,UPI,Express,2,2024-09
ORD-100492,2025-12-01,CUST-1746,Consumer,Electronics,Smart Watch,1,6954.52,6954.52,840.06,Bengaluru,Karnataka,UPI,Express,4,2025-12
ORD-100493,2024-09-10,CUST-1135,Consumer,Beauty,Sunscreen Lotion,2,767.13,1534.26,494.44,Indore,Madhya Pradesh,UPI,Express,2,2024-09
ORD-100494,2025-09-23,CUST-1311,Consumer,Electronics,Bluetooth Speaker,1,3707.15,3707.15,460.55,Delhi,Delhi,UPI,Standard,7,2025-09
ORD-100495,2024-02-18,CUST-1311,Consumer,Accessories,Sunglasses,1,1144.2,1144.2,252.1,Hyderabad,Telangana,Debit Card,Standard,7,2024-02
ORD-100496,2025-01-05,CUST-1600,Small Business,Beauty,Hair Dryer,3,1880.81,5642.43,1702.92,Mumbai,Maharashtra,Cash on Delivery,Express,2,2025-01
ORD-100497,2024-04-11,CUST-1912,Small Business,Grocery,Cooking Oil Can,1,981.39,981.39,115.47,Kolkata,West Bengal,Cash on Delivery,Standard,8,2024-04
ORD-100498,2025-04-04,CUST-1978,Consumer,Accessories,Leather Wallet,2,821.59,1643.18,301.31,Lucknow,Uttar Pradesh,Debit Card,Standard,5,2025-04
ORD-100499,2025-06-29,CUST-1606,Corporate,Beauty,Makeup Kit,4,2534.47,10137.88,3336.5,Chennai,Tamil Nadu,Cash on Delivery,Standard,5,2025-06
ORD-100500,2025-06-21,CUST-1894,Corporate,Grocery,Tea Powder Pack,1,503.41,503.41,51.69,Chennai,Tamil Nadu,Credit Card,Express,2,2025-06
ORD-100501,2024-01-02,CUST-1640,Corporate,Fashion,Women's Kurti,2,1585.73,3171.46,714.97,Chennai,Tamil Nadu,Cash on Delivery,Express,3,2024-01
ORD-100502,2024-01-17,CUST-1836,Consumer,Electronics,Wireless Earbuds,2,4039.19,8078.38,1292.84,Hyderabad,Telangana,UPI,Express,4,2024-01
ORD-100503,2024-08-25,CUST-1021,Consumer,Electronics,Laptop,3,58086.59,174259.77,18009.76,Hyderabad,Telangana,Unknown,Standard,5,2024-08
ORD-100504,2024-05-26,CUST-1112,Corporate,Grocery,Snack Combo,1,332.03,332.03,39.23,Hyderabad,Telangana,Debit Card,Standard,7,2024-05
ORD-100505,2024-03-26,CUST-1491,Corporate,Beauty,Face Serum,1,1085.67,1085.67,359.17,Bengaluru,Karnataka,Cash on Delivery,Express,2,2024-03
ORD-100506,2024-06-07,CUST-1934,Consumer,Grocery,Dry Fruit Box,1,1445.06,1445.06,149.67,Mumbai,Maharashtra,UPI,Express,2,2024-06
ORD-100507,2024-08-19,CUST-1630,Consumer,Fashion,Running Shoes,4,3429.24,13716.96,3841.83,Kolkata,West Bengal,UPI,Same Day,0,2024-08
ORD-100508,2025-09-11,CUST-1677,Consumer,Accessories,Laptop Backpack,1,2006.03,2006.03,496.42,Lucknow,Uttar Pradesh,UPI,Standard,4,2025-09
ORD-100509,2024-06-01,CUST-1330,Small Business,Accessories,Laptop Backpack,3,1565.78,4697.34,825.99,Jaipur,Rajasthan,UPI,Standard,6,2024-06
ORD-100510,2025-05-07,CUST-1393,Consumer,Fashion,Running Shoes,2,3186.89,6373.78,1444.84,Chennai,Tamil Nadu,Debit Card,Standard,8,2025-05
ORD-100511,2024-08-28,CUST-1147,Corporate,Home & Kitchen,Cookware Set,1,3279.21,3279.21,645.58,Kolkata,West Bengal,Credit Card,Standard,5,2024-08
ORD-100512,2024-08-17,CUST-1857,Consumer,Accessories,Sunglasses,1,1194.16,1194.16,253.2,Hyderabad,Telangana,UPI,Express,2,2024-08
ORD-100513,2024-03-19,CUST-1293,Consumer,Electronics,Bluetooth Speaker,1,3115.56,3115.56,397.19,Bengaluru,Karnataka,UPI,Standard,6,2024-03
ORD-100514,2025-05-30,CUST-1278,Small Business,Beauty,Shampoo Combo,1,792.79,792.79,253.37,Ahmedabad,Gujarat,Credit Card,Standard,5,2025-05
ORD-100515,2025-02-14,CUST-1055,Corporate,Accessories,Phone Case,2,423.58,847.16,191.1,Ahmedabad,Gujarat,Credit Card,Standard,7,2025-02
ORD-100516,2025-01-06,CUST-1246,Consumer,Electronics,Smartphone,2,24575.11,49150.22,4547.59,Bengaluru,Karnataka,Net Banking,Standard,8,2025-01
ORD-100517,2025-05-10,CUST-1339,Consumer,Home & Kitchen,Storage Containers,1,871.27,871.27,159.27,Indore,Madhya Pradesh,Debit Card,Express,2,2025-05
ORD-100518,2025-01-26,CUST-1787,Corporate,Electronics,Bluetooth Speaker,2,3145.15,6290.3,587.3,Bengaluru,Karnataka,Net Banking,Standard,5,2025-01
ORD-100519,2024-12-15,CUST-1981,Consumer,Home & Kitchen,Storage Containers,1,825.06,825.06,208.59,Kolkata,West Bengal,Credit Card,Standard,8,2024-12
ORD-100520,2024-11-12,CUST-1072,Consumer,Home & Kitchen,Mixer Grinder,2,5705.87,11411.74,1726.52,Hyderabad,Telangana,Debit Card,Standard,6,2024-11
ORD-100521,2025-03-28,CUST-1524,Corporate,Fashion,Denim Jeans,2,1930.58,3861.16,1002.44,Indore,Madhya Pradesh,Net Banking,Same Day,1,2025-03
ORD-100522,2024-09-26,CUST-1162,Consumer,Fashion,Denim Jeans,4,2868.41,11473.64,3635.31,Chennai,Tamil Nadu,Cash on Delivery,Standard,4,2024-09
ORD-100523,2024-12-23,CUST-1066,Consumer,Electronics,Laptop,2,61473.95,122947.9,21025.49,Kolkata,West Bengal,Net Banking,Express,3,2024-12
ORD-100524,2025-04-10,CUST-1218,Consumer,Home & Kitchen,Air Fryer,1,7204.14,7204.14,1285.38,Bengaluru,Karnataka,Cash on Delivery,Same Day,1,2025-04
ORD-100525,2025-10-12,CUST-1916,Small Business,Accessories,Sunglasses,1,1410.8,1410.8,268.02,Hyderabad,Telangana,UPI,Express,2,2025-10
ORD-100526,2025-03-05,CUST-1740,Corporate,Beauty,Hair Dryer,2,1853.9,3707.8,1289.44,Hyderabad,Telangana,Credit Card,Standard,8,2025-03
ORD-100527,2025-04-14,CUST-1654,Small Business,Fashion,Running Shoes,4,3263.5,13054.0,3797.18,Bengaluru,Karnataka,UPI,Same Day,1,2025-04
ORD-100528,2025-07-13,CUST-1716,Consumer,Electronics,Bluetooth Speaker,3,2935.14,8805.42,963.77,Delhi,Delhi,Net Banking,Standard,6,2025-07
ORD-100529,2025-07-09,CUST-1649,Consumer,Fashion,Running Shoes,1,3688.77,3688.77,1142.37,Mumbai,Maharashtra,Credit Card,Standard,6,2025-07
ORD-100530,2024-04-16,CUST-1872,Consumer,Accessories,Laptop Backpack,1,1503.82,1503.82,373.99,Indore,Madhya Pradesh,Unknown,Standard,4,2024-04
ORD-100531,2025-04-25,CUST-1274,Small Business,Fashion,Denim Jeans,5,2054.16,10270.8,2515.86,Bengaluru,Karnataka,UPI,Same Day,1,2025-04
ORD-100532,2024-01-05,CUST-1569,Small Business,Grocery,Tea Powder Pack,4,448.23,1792.92,225.2,Kolkata,West Bengal,UPI,Standard,8,2024-01
ORD-100533,2025-08-14,CUST-1646,Consumer,Beauty,Face Serum,1,1085.88,1085.88,287.26,Jaipur,Rajasthan,UPI,Express,4,2025-08
ORD-100534,2024-06-11,CUST-1025,Corporate,Beauty,Sunscreen Lotion,4,609.08,2436.32,738.35,Jaipur,Rajasthan,UPI,Same Day,1,2024-06
ORD-100535,2025-10-30,CUST-1653,Small Business,Fashion,Running Shoes,4,3636.81,14547.24,3117.99,Hyderabad,Telangana,Cash on Delivery,Standard,5,2025-10
ORD-100536,2024-05-25,CUST-1215,Corporate,Electronics,Smart Watch,1,7348.18,7348.18,722.69,Bengaluru,Karnataka,UPI,Standard,4,2024-05
ORD-100537,2024-07-03,CUST-1162,Consumer,Fashion,Denim Jeans,1,2379.34,2379.34,638.54,Jaipur,Rajasthan,UPI,Same Day,0,2024-07
ORD-100538,2024-01-24,CUST-1493,Consumer,Electronics,Smart Watch,2,7104.95,14209.9,1555.52,Bengaluru,Karnataka,UPI,Express,3,2024-01
ORD-100539,2025-05-22,CUST-1813,Consumer,Beauty,Sunscreen Lotion,1,744.23,744.23,251.88,Delhi,Delhi,Debit Card,Standard,8,2025-05
ORD-100540,2024-10-05,CUST-1600,Consumer,Fashion,Denim Jeans,3,2612.84,7838.52,1882.06,Delhi,Delhi,Credit Card,Standard,4,2024-10
ORD-100541,2024-01-31,CUST-1734,Consumer,Grocery,Snack Combo,1,387.29,387.29,34.75,Mumbai,Maharashtra,Credit Card,Standard,4,2024-01
ORD-100542,2025-01-29,CUST-1325,Corporate,Grocery,Cooking Oil Can,1,892.44,892.44,111.19,Chennai,Tamil Nadu,UPI,Standard,7,2025-01
ORD-100543,2024-10-08,CUST-1134,Corporate,Electronics,Laptop,1,62605.21,62605.21,6598.75,Chennai,Tamil Nadu,UPI,Express,3,2024-10
ORD-100544,2025-10-22,CUST-1402,Consumer,Grocery,Snack Combo,1,417.78,417.78,36.63,Bengaluru,Karnataka,Net Banking,Express,4,2025-10
ORD-100545,2025-09-24,CUST-1956,Corporate,Home & Kitchen,Mixer Grinder,1,4672.14,4672.14,1211.13,Jaipur,Rajasthan,UPI,Standard,6,2025-09
ORD-100546,2024-11-07,CUST-1652,Consumer,Grocery,Basmati Rice Pack,1,1261.93,1261.93,89.62,Bengaluru,Karnataka,UPI,Standard,5,2024-11
ORD-100547,2025-05-16,CUST-1076,Small Business,Home & Kitchen,Storage Containers,5,873.12,4365.6,749.39,Delhi,Delhi,Unknown,Express,4,2025-05
ORD-100548,2025-01-29,CUST-1936,Consumer,Electronics,Bluetooth Speaker,1,2545.96,2545.96,276.95,Delhi,Delhi,Cash on Delivery,Standard,5,2025-01
ORD-100549,2025-06-09,CUST-1246,Consumer,Fashion,Denim Jeans,1,2083.32,2083.32,498.4,Lucknow,Uttar Pradesh,Credit Card,Standard,4,2025-06
ORD-100550,2025-04-08,CUST-1664,Consumer,Fashion,Denim Jeans,1,1917.58,1917.58,440.31,Kolkata,West Bengal,Unknown,Standard,6,2025-04
ORD-100551,2025-08-31,CUST-1067,Consumer,Electronics,Bluetooth Speaker,1,2940.24,2940.24,401.86,Delhi,Delhi,UPI,Express,3,2025-08
ORD-100552,2024-04-13,CUST-1515,Small Business,Grocery,Tea Powder Pack,1,499.83,499.83,55.46,Delhi,Delhi,Credit Card,Standard,4,2024-04
ORD-100553,2025-11-28,CUST-1608,Consumer,Beauty,Hair Dryer,1,1980.54,1980.54,567.31,Hyderabad,Telangana,Credit Card,Standard,4,2025-11
ORD-100554,2024-02-16,CUST-1752,Consumer,Electronics,Bluetooth Speaker,3,2908.74,8726.22,1563.19,Delhi,Delhi,Credit Card,Standard,6,2024-02
ORD-100555,2024-01-14,CUST-1151,Small Business,Beauty,Sunscreen Lotion,3,626.81,1880.4299999999998,641.45,Mumbai,Maharashtra,Cash on Delivery,Standard,8,2024-01
ORD-100556,2024-02-01,CUST-1271,Small Business,Beauty,Hair Dryer,1,1957.47,1957.47,483.77,Mumbai,Maharashtra,UPI,Same Day,0,2024-02
ORD-100557,2024-10-09,CUST-1510,Small Business,Fashion,Ethnic Saree,1,2945.54,2945.54,671.76,Delhi,Delhi,UPI,Express,2,2024-10
ORD-100558,2025-09-30,CUST-1440,Consumer,Beauty,Shampoo Combo,2,873.7,1747.4,495.46,Indore,Madhya Pradesh,Cash on Delivery,Standard,7,2025-09
ORD-100559,2024-10-17,CUST-1032,Consumer,Electronics,Bluetooth Speaker,3,3371.92,10115.76,1783.08,Mumbai,Maharashtra,UPI,Standard,4,2024-10
ORD-100560,2024-04-10,CUST-1567,Consumer,Grocery,Tea Powder Pack,4,511.94,2047.76,254.64,Delhi,Delhi,UPI,Express,2,2024-04
ORD-100561,2025-01-19,CUST-1472,Consumer,Fashion,Denim Jeans,3,2338.31,7014.93,1779.83,Chennai,Tamil Nadu,Credit Card,Standard,7,2025-01
ORD-100562,2024-05-23,CUST-1686,Consumer,Accessories,Sunglasses,2,1254.07,2508.14,504.31,Bengaluru,Karnataka,Cash on Delivery,Express,2,2024-05
ORD-100563,2024-03-27,CUST-1718,Consumer,Grocery,Tea Powder Pack,1,500.57,500.57,49.31,Jaipur,Rajasthan,UPI,Standard,8,2024-03
ORD-100564,2025-11-22,CUST-1532,Consumer,Beauty,Makeup Kit,2,2396.98,4793.96,1595.36,Hyderabad,Telangana,UPI,Standard,5,2025-11
ORD-100565,2024-02-26,CUST-1149,Consumer,Home & Kitchen,Storage Containers,4,867.58,3470.32,583.68,Delhi,Delhi,UPI,Standard,8,2024-02
ORD-100566,2025-12-17,CUST-1833,Consumer,Grocery,Cooking Oil Can,2,962.66,1925.32,218.36,Hyderabad,Telangana,UPI,Express,3,2025-12
ORD-100567,2025-08-17,CUST-1366,Consumer,Fashion,Ethnic Saree,1,2969.77,2969.77,792.28,Delhi,Delhi,Cash on Delivery,Express,2,2025-08
ORD-100568,2024-03-05,CUST-1385,Small Business,Electronics,Smart Watch,1,5995.55,5995.55,893.54,Delhi,Delhi,Credit Card,Express,2,2024-03
ORD-100569,2025-06-22,CUST-1511,Small Business,Electronics,Smart Watch,1,6989.94,6989.94,999.54,Ahmedabad,Gujarat,Credit Card,Express,2,2025-06
ORD-100570,2024-06-27,CUST-1945,Consumer,Beauty,Hair Dryer,3,1777.58,5332.74,1360.21,Bengaluru,Karnataka,UPI,Standard,6,2024-06
ORD-100571,2025-08-10,CUST-1644,Small Business,Fashion,Women's Kurti,2,1402.2,2804.4,771.32,Indore,Madhya Pradesh,UPI,Express,4,2025-08
ORD-100572,2025-01-03,CUST-1512,Consumer,Electronics,Bluetooth Speaker,3,2909.54,8728.619999999999,1464.7,Lucknow,Uttar Pradesh,Credit Card,Standard,5,2025-01
ORD-100573,2025-03-25,CUST-1841,Small Business,Home & Kitchen,Cookware Set,1,3448.6,3448.6,806.58,Jaipur,Rajasthan,Net Banking,Standard,6,2025-03
ORD-100574,2024-06-10,CUST-1959,Small Business,Fashion,Running Shoes,5,2883.0,14415.0,4316.53,Bengaluru,Karnataka,UPI,Express,4,2024-06
ORD-100575,2024-07-24,CUST-1354,Small Business,Electronics,Wireless Earbuds,1,3829.44,3829.44,392.66,Delhi,Delhi,Net Banking,Standard,4,2024-07
ORD-100576,2025-07-18,CUST-1026,Corporate,Home & Kitchen,Storage Containers,2,824.63,1649.26,329.18,Kochi,Kerala,Cash on Delivery,Express,2,2025-07
ORD-100577,2024-01-19,CUST-1351,Consumer,Home & Kitchen,Air Fryer,2,6977.87,13955.74,2673.45,Kolkata,West Bengal,UPI,Express,3,2024-01
ORD-100578,2025-02-26,CUST-1289,Consumer,Electronics,Smart Watch,3,7336.77,22010.31,3552.16,Bengaluru,Karnataka,UPI,Standard,5,2025-02
ORD-100579,2024-05-12,CUST-1964,Consumer,Beauty,Hair Dryer,2,1825.27,3650.54,1080.96,Indore,Madhya Pradesh,Credit Card,Standard,5,2024-05
ORD-100580,2024-09-30,CUST-1759,Consumer,Grocery,Cooking Oil Can,1,1156.42,1156.42,114.37,Chennai,Tamil Nadu,UPI,Same Day,1,2024-09
ORD-100581,2024-08-28,CUST-1875,Consumer,Beauty,Hair Dryer,2,1911.55,3823.1,859.15,Bengaluru,Karnataka,Credit Card,Express,2,2024-08
ORD-100582,2024-08-17,CUST-1775,Consumer,Grocery,Tea Powder Pack,1,419.24,419.24,36.82,Delhi,Delhi,Debit Card,Standard,6,2024-08
ORD-100583,2024-02-28,CUST-1983,Consumer,Home & Kitchen,Air Fryer,3,8072.39,24217.170000000002,4225.66,Jaipur,Rajasthan,Debit Card,Express,3,2024-02
ORD-100584,2024-10-14,CUST-1127,Consumer,Accessories,Phone Case,3,608.67,1826.0099999999998,449.52,Kochi,Kerala,Debit Card,Standard,6,2024-10
ORD-100585,2024-01-18,CUST-1976,Consumer,Grocery,Cooking Oil Can,1,960.07,960.07,62.1,Delhi,Delhi,UPI,Standard,8,2024-01
ORD-100586,2025-05-21,CUST-1566,Corporate,Beauty,Sunscreen Lotion,1,686.72,686.72,162.08,Hyderabad,Telangana,UPI,Express,3,2025-05
ORD-100587,2024-01-17,CUST-1584,Consumer,Beauty,Sunscreen Lotion,2,728.06,1456.12,391.64,Indore,Madhya Pradesh,Cash on Delivery,Standard,5,2024-01
ORD-100588,2024-05-26,CUST-1952,Consumer,Fashion,Denim Jeans,1,2204.9,2204.9,697.88,Lucknow,Uttar Pradesh,Credit Card,Standard,6,2024-05
ORD-100589,2025-06-07,CUST-1578,Consumer,Electronics,Bluetooth Speaker,3,3045.76,9137.28,1466.64,Jaipur,Rajasthan,Credit Card,Standard,4,2025-06
ORD-100590,2024-05-04,CUST-1818,Corporate,Home & Kitchen,Air Fryer,3,8016.62,24049.86,4880.53,Chennai,Tamil Nadu,UPI,Standard,5,2024-05
ORD-100591,2025-03-31,CUST-1947,Consumer,Fashion,Men's Casual Shirt,3,1351.76,4055.2799999999997,929.79,Kolkata,West Bengal,Debit Card,Standard,7,2025-03
ORD-100592,2025-09-12,CUST-1170,Consumer,Fashion,Ethnic Saree,1,3172.92,3172.92,607.33,Kolkata,West Bengal,UPI,Express,3,2025-09
ORD-100593,2024-05-09,CUST-1729,Consumer,Home & Kitchen,Air Fryer,4,8685.15,34740.6,5168.07,Ahmedabad,Gujarat,UPI,Standard,5,2024-05
ORD-100594,2025-09-23,CUST-1751,Consumer,Grocery,Dry Fruit Box,1,1787.81,1787.81,197.49,Pune,Maharashtra,Debit Card,Standard,7,2025-09
ORD-100595,2024-01-08,CUST-1049,Consumer,Accessories,Travel Duffel Bag,2,2360.56,4721.12,1379.83,Bengaluru,Karnataka,Cash on Delivery,Standard,6,2024-01
ORD-100596,2025-01-28,CUST-1355,Consumer,Home & Kitchen,Air Fryer,1,7253.66,7253.66,1654.96,Mumbai,Maharashtra,UPI,Standard,8,2025-01
ORD-100597,2024-06-22,CUST-1982,Small Business,Fashion,Denim Jeans,1,2387.6,2387.6,681.63,Hyderabad,Telangana,Credit Card,Express,2,2024-06
ORD-100598,2024-01-27,CUST-1505,Consumer,Electronics,Laptop,1,55617.04,55617.04,9750.18,Jaipur,Rajasthan,Cash on Delivery,Express,3,2024-01
ORD-100599,2024-03-21,CUST-1102,Small Business,Accessories,Laptop Backpack,3,1601.88,4805.64,1221.07,Indore,Madhya Pradesh,Debit Card,Standard,6,2024-03
ORD-100600,2025-10-03,CUST-1289,Consumer,Fashion,Ethnic Saree,1,3494.51,3494.51,695.98,Kolkata,West Bengal,Credit Card,Standard,5,2025-10
ORD-100601,2024-08-07,CUST-1898,Consumer,Electronics,Smart Watch,1,5842.42,5842.42,819.09,Lucknow,Uttar Pradesh,UPI,Standard,6,2024-08
ORD-100602,2025-10-07,CUST-1118,Consumer,Fashion,Denim Jeans,1,2428.43,2428.43,469.94,Chennai,Tamil Nadu,Net Banking,Same Day,1,2025-10
ORD-100603,2025-12-22,CUST-1267,Corporate,Beauty,Sunscreen Lotion,1,732.56,732.56,231.64,Kolkata,West Bengal,UPI,Standard,7,2025-12
ORD-100604,2024-02-25,CUST-1132,Consumer,Grocery,Tea Powder Pack,1,487.75,487.75,51.6,Delhi,Delhi,UPI,Standard,4,2024-02
ORD-100605,2025-12-22,CUST-1297,Corporate,Beauty,Makeup Kit,1,2153.26,2153.26,537.16,Bengaluru,Karnataka,Cash on Delivery,Express,4,2025-12
ORD-100606,2024-09-11,CUST-1034,Consumer,Fashion,Women's Kurti,4,1575.48,6301.92,1963.99,Chennai,Tamil Nadu,UPI,Standard,5,2024-09
ORD-100607,2024-10-03,CUST-1198,Corporate,Grocery,Tea Powder Pack,4,478.66,1914.64,228.63,Bengaluru,Karnataka,Cash on Delivery,Same Day,1,2024-10
ORD-100608,2024-01-24,CUST-1929,Corporate,Grocery,Tea Powder Pack,1,453.82,453.82,42.82,Chennai,Tamil Nadu,Credit Card,Standard,6,2024-01
ORD-100609,2025-01-16,CUST-1829,Consumer,Fashion,Denim Jeans,3,2268.17,6804.51,1775.32,Ahmedabad,Gujarat,UPI,Standard,6,2025-01
ORD-100610,2025-05-16,CUST-1854,Consumer,Home & Kitchen,Cookware Set,2,3162.21,6324.42,1282.65,Lucknow,Uttar Pradesh,UPI,Standard,7,2025-05
ORD-100611,2024-10-01,CUST-1716,Consumer,Home & Kitchen,Air Fryer,2,10045.34,20090.68,3567.34,Lucknow,Uttar Pradesh,UPI,Standard,4,2024-10
ORD-100612,2024-06-19,CUST-1303,Consumer,Electronics,Smart Watch,1,7302.94,7302.94,731.97,Ahmedabad,Gujarat,Net Banking,Express,3,2024-06
ORD-100613,2025-09-21,CUST-1958,Consumer,Beauty,Sunscreen Lotion,4,796.04,3184.16,1058.4,Chennai,Tamil Nadu,Debit Card,Standard,7,2025-09
ORD-100614,2025-04-30,CUST-1639,Consumer,Accessories,Phone Case,1,448.45,448.45,115.33,Hyderabad,Telangana,UPI,Standard,6,2025-04
ORD-100615,2024-12-19,CUST-1079,Consumer,Fashion,Ethnic Saree,2,3191.46,6382.92,1882.36,Lucknow,Uttar Pradesh,UPI,Standard,6,2024-12
ORD-100616,2024-04-14,CUST-1214,Consumer,Electronics,Bluetooth Speaker,1,2873.5,2873.5,425.38,Hyderabad,Telangana,Debit Card,Express,4,2024-04
ORD-100617,2025-09-21,CUST-1246,Consumer,Accessories,Laptop Backpack,1,1857.86,1857.86,411.62,Kochi,Kerala,UPI,Express,3,2025-09
ORD-100618,2025-06-18,CUST-1701,Consumer,Fashion,Denim Jeans,1,1893.98,1893.98,397.63,Mumbai,Maharashtra,Cash on Delivery,Standard,7,2025-06
ORD-100619,2025-01-09,CUST-1369,Consumer,Beauty,Hair Dryer,4,1972.46,7889.84,2703.7,Bengaluru,Karnataka,UPI,Standard,4,2025-01
ORD-100620,2024-09-16,CUST-1883,Corporate,Fashion,Men's Casual Shirt,2,1251.23,2502.46,677.19,Kochi,Kerala,Credit Card,Standard,4,2024-09
ORD-100621,2025-04-29,CUST-1854,Corporate,Home & Kitchen,Air Fryer,3,8278.25,24834.75,4578.14,Chennai,Tamil Nadu,UPI,Standard,5,2025-04
ORD-100622,2025-07-11,CUST-1528,Consumer,Beauty,Face Serum,1,1062.79,1062.79,333.8,Mumbai,Maharashtra,Debit Card,Standard,8,2025-07
ORD-100623,2025-05-28,CUST-1574,Consumer,Fashion,Men's Casual Shirt,1,1145.59,1145.59,213.34,Bengaluru,Karnataka,UPI,Express,3,2025-05
ORD-100624,2025-04-19,CUST-1898,Corporate,Home & Kitchen,Mixer Grinder,1,4775.58,4775.58,850.53,Pune,Maharashtra,UPI,Standard,6,2025-04
ORD-100625,2024-05-15,CUST-1270,Consumer,Grocery,Cooking Oil Can,1,936.9,936.9,118.82,Ahmedabad,Gujarat,UPI,Standard,6,2024-05
ORD-100626,2025-10-08,CUST-1716,Small Business,Fashion,Ethnic Saree,2,3065.23,6130.46,1605.76,Delhi,Delhi,Credit Card,Express,2,2025-10
ORD-100627,2024-08-03,CUST-1330,Corporate,Beauty,Sunscreen Lotion,1,657.12,657.12,161.72,Bengaluru,Karnataka,Credit Card,Standard,7,2024-08
ORD-100628,2025-05-01,CUST-1748,Consumer,Grocery,Basmati Rice Pack,1,1167.55,1167.55,87.44,Hyderabad,Telangana,Cash on Delivery,Express,4,2025-05
ORD-100629,2025-05-09,CUST-1167,Consumer,Fashion,Running Shoes,2,3084.96,6169.92,1868.5,Pune,Maharashtra,Net Banking,Express,3,2025-05
ORD-100630,2025-08-04,CUST-1674,Consumer,Grocery,Snack Combo,3,320.73,962.19,116.68,Hyderabad,Telangana,Cash on Delivery,Standard,5,2025-08
ORD-100631,2024-07-27,CUST-1934,Consumer,Fashion,Men's Casual Shirt,1,1299.31,1299.31,334.9,Hyderabad,Telangana,UPI,Standard,7,2024-07
ORD-100632,2024-04-08,CUST-1500,Corporate,Home & Kitchen,Cookware Set,1,3391.99,3391.99,608.03,Ahmedabad,Gujarat,Net Banking,Standard,8,2024-04
ORD-100633,2024-08-28,CUST-1095,Consumer,Electronics,Smart Watch,1,6338.53,6338.53,1040.1,Hyderabad,Telangana,Debit Card,Standard,5,2024-08
ORD-100634,2025-11-22,CUST-1822,Corporate,Fashion,Running Shoes,3,3359.7,10079.099999999999,2409.34,Mumbai,Maharashtra,UPI,Standard,4,2025-11
ORD-100635,2025-04-10,CUST-1799,Consumer,Electronics,Smart Watch,1,6909.95,6909.95,1038.69,Mumbai,Maharashtra,UPI,Express,4,2025-04
ORD-100636,2024-07-02,CUST-1445,Consumer,Home & Kitchen,Bedsheet Set,5,1851.98,9259.9,1463.49,Bengaluru,Karnataka,UPI,Standard,8,2024-07
ORD-100637,2024-02-21,CUST-1304,Consumer,Electronics,Laptop,4,62186.94,248747.76,28036.21,Delhi,Delhi,Credit Card,Standard,4,2024-02
ORD-100638,2025-02-09,CUST-1041,Consumer,Fashion,Men's Casual Shirt,1,1084.24,1084.24,305.48,Chennai,Tamil Nadu,UPI,Express,4,2025-02
ORD-100639,2024-03-21,CUST-1584,Consumer,Electronics,Smartphone,1,23282.32,23282.32,2728.19,Mumbai,Maharashtra,UPI,Standard,7,2024-03
ORD-100640,2024-02-20,CUST-1279,Consumer,Home & Kitchen,Cookware Set,1,3543.46,3543.46,813.66,Kolkata,West Bengal,UPI,Standard,5,2024-02
ORD-100641,2025-04-18,CUST-1650,Consumer,Grocery,Cooking Oil Can,2,1095.59,2191.18,142.64,Mumbai,Maharashtra,Credit Card,Express,4,2025-04
ORD-100642,2024-12-14,CUST-1574,Small Business,Home & Kitchen,Storage Containers,1,999.3,999.3,199.74,Bengaluru,Karnataka,UPI,Standard,8,2024-12
ORD-100643,2024-10-25,CUST-1240,Consumer,Beauty,Shampoo Combo,3,950.06,2850.18,876.14,Mumbai,Maharashtra,Credit Card,Express,4,2024-10
ORD-100644,2024-08-11,CUST-1327,Corporate,Fashion,Men's Casual Shirt,1,1093.17,1093.17,329.14,Bengaluru,Karnataka,Credit Card,Standard,5,2024-08
ORD-100645,2025-06-29,CUST-1671,Consumer,Beauty,Sunscreen Lotion,1,728.35,728.35,206.07,Chennai,Tamil Nadu,Cash on Delivery,Standard,8,2025-06
ORD-100646,2025-02-24,CUST-1582,Consumer,Fashion,Denim Jeans,1,1865.08,1865.08,494.92,Indore,Madhya Pradesh,Debit Card,Standard,8,2025-02
ORD-100647,2025-10-31,CUST-1300,Consumer,Accessories,Laptop Backpack,1,2052.49,2052.49,464.08,Ahmedabad,Gujarat,UPI,Express,3,2025-10
ORD-100648,2025-09-09,CUST-1007,Corporate,Home & Kitchen,Air Fryer,1,8722.88,8722.88,1892.56,Hyderabad,Telangana,Debit Card,Same Day,0,2025-09
ORD-100649,2025-01-29,CUST-1299,Corporate,Fashion,Ethnic Saree,1,2791.0,2791.0,782.14,Indore,Madhya Pradesh,Unknown,Standard,7,2025-01
ORD-100650,2025-06-07,CUST-1145,Small Business,Beauty,Face Serum,2,953.05,1906.1,621.6,Mumbai,Maharashtra,Debit Card,Express,3,2025-06
ORD-100651,2025-12-11,CUST-1779,Consumer,Electronics,Smartphone,1,24899.04,24899.04,3342.5,Mumbai,Maharashtra,Credit Card,Express,3,2025-12
ORD-100652,2025-12-31,CUST-1879,Consumer,Electronics,Wireless Earbuds,1,4005.9,4005.9,417.6,Pune,Maharashtra,Credit Card,Express,4,2025-12
ORD-100653,2024-05-31,CUST-1535,Consumer,Electronics,Bluetooth Speaker,2,2667.39,5334.78,826.37,Pune,Maharashtra,Cash on Delivery,Standard,5,2024-05
ORD-100654,2025-05-08,CUST-1365,Consumer,Home & Kitchen,Cookware Set,1,3959.19,3959.19,716.95,Lucknow,Uttar Pradesh,Credit Card,Express,4,2025-05
ORD-100655,2025-06-20,CUST-1457,Consumer,Beauty,Face Serum,4,1033.21,4132.84,1460.07,Jaipur,Rajasthan,UPI,Standard,0,2025-06
ORD-100656,2025-10-28,CUST-1062,Consumer,Fashion,Women's Kurti,4,1670.77,6683.08,1368.96,Kolkata,West Bengal,UPI,Express,2,2025-10
ORD-100657,2025-07-03,CUST-1582,Consumer,Beauty,Makeup Kit,4,1967.47,7869.88,2218.25,Delhi,Delhi,UPI,Standard,8,2025-07
ORD-100658,2024-07-18,CUST-1974,Corporate,Accessories,Sunglasses,2,1375.12,2750.24,683.04,Ahmedabad,Gujarat,UPI,Standard,7,2024-07
ORD-100659,2025-07-28,CUST-1689,Consumer,Home & Kitchen,Bedsheet Set,2,1899.46,3798.92,614.9,Mumbai,Maharashtra,Net Banking,Standard,5,2025-07
ORD-100660,2024-07-17,CUST-1331,Consumer,Fashion,Ethnic Saree,3,3062.08,9186.24,2298.85,Jaipur,Rajasthan,Debit Card,Standard,8,2024-07
ORD-100661,2024-06-09,CUST-1313,Consumer,Grocery,Cooking Oil Can,1,973.38,973.38,76.21,Pune,Maharashtra,UPI,Same Day,0,2024-06
ORD-100662,2025-07-30,CUST-1213,Corporate,Beauty,Makeup Kit,1,2192.95,2192.95,591.01,Mumbai,Maharashtra,UPI,Express,4,2025-07
ORD-100663,2025-01-26,CUST-1974,Small Business,Grocery,Basmati Rice Pack,1,1140.47,1140.47,78.18,Mumbai,Maharashtra,UPI,Standard,7,2025-01
ORD-100664,2025-09-13,CUST-1844,Consumer,Beauty,Makeup Kit,2,2327.6,4655.2,1309.68,Hyderabad,Telangana,UPI,Express,3,2025-09
ORD-100665,2025-03-24,CUST-1765,Small Business,Fashion,Women's Kurti,1,1560.55,1560.55,337.86,Chennai,Tamil Nadu,UPI,Standard,6,2025-03
ORD-100666,2024-07-22,CUST-1934,Small Business,Home & Kitchen,Air Fryer,2,8401.67,16803.34,2399.12,Mumbai,Maharashtra,UPI,Standard,4,2024-07
ORD-100667,2024-11-30,CUST-1624,Corporate,Home & Kitchen,Mixer Grinder,3,5044.03,15132.09,3452.11,Indore,Madhya Pradesh,UPI,Standard,8,2024-11
ORD-100668,2025-04-21,CUST-1588,Consumer,Electronics,Laptop,2,65339.98,130679.96,20451.97,Jaipur,Rajasthan,Credit Card,Express,2,2025-04
ORD-100669,2025-03-13,CUST-1791,Consumer,Fashion,Men's Casual Shirt,1,1343.47,1343.47,386.23,Hyderabad,Telangana,UPI,Same Day,0,2025-03
ORD-100670,2024-02-10,CUST-1790,Consumer,Electronics,Smart Watch,3,6702.94,20108.82,3537.53,Pune,Maharashtra,UPI,Standard,6,2024-02
ORD-100671,2025-01-19,CUST-1518,Small Business,Grocery,Tea Powder Pack,1,505.31,505.31,38.35,Bengaluru,Karnataka,Debit Card,Standard,4,2025-01
ORD-100672,2025-05-15,CUST-1389,Corporate,Electronics,Bluetooth Speaker,3,2744.98,8234.94,1478.85,Bengaluru,Karnataka,UPI,Standard,7,2025-05
ORD-100673,2024-11-13,CUST-1046,Consumer,Grocery,Dry Fruit Box,3,1654.58,4963.74,553.39,Mumbai,Maharashtra,UPI,Standard,6,2024-11
ORD-100674,2024-05-23,CUST-1759,Corporate,Home & Kitchen,Cookware Set,2,3827.04,7654.08,1867.3,Chennai,Tamil Nadu,Debit Card,Standard,5,2024-05
ORD-100675,2024-01-31,CUST-1935,Consumer,Fashion,Men's Casual Shirt,2,1158.84,2317.68,712.12,Jaipur,Rajasthan,Credit Card,Express,4,2024-01
ORD-100676,2024-04-12,CUST-1318,Consumer,Beauty,Shampoo Combo,1,904.97,904.97,259.36,Hyderabad,Telangana,Cash on Delivery,Standard,5,2024-04
ORD-100677,2025-01-09,CUST-1761,Consumer,Fashion,Running Shoes,5,3414.92,17074.6,4251.44,Kolkata,West Bengal,UPI,Express,2,2025-01
ORD-100678,2024-09-13,CUST-1383,Corporate,Grocery,Basmati Rice Pack,1,1381.88,1381.88,146.72,Hyderabad,Telangana,Credit Card,Express,3,2024-09
ORD-100679,2025-01-29,CUST-1192,Consumer,Accessories,Laptop Backpack,2,1874.04,3748.08,807.89,Ahmedabad,Gujarat,Cash on Delivery,Standard,7,2025-01
ORD-100680,2025-04-09,CUST-1679,Consumer,Home & Kitchen,Air Fryer,2,8056.2,16112.4,3741.64,Indore,Madhya Pradesh,Cash on Delivery,Standard,7,2025-04
ORD-100681,2025-01-09,CUST-1446,Consumer,Beauty,Sunscreen Lotion,1,576.63,576.63,193.87,Bengaluru,Karnataka,Net Banking,Standard,6,2025-01
ORD-100682,2025-06-07,CUST-1552,Consumer,Accessories,Travel Duffel Bag,1,2676.49,2676.49,485.11,Hyderabad,Telangana,Net Banking,Express,2,2025-06
ORD-100683,2025-11-27,CUST-1303,Consumer,Home & Kitchen,Bedsheet Set,1,2246.36,2246.36,516.96,Hyderabad,Telangana,Credit Card,Express,2,2025-11
ORD-100684,2024-05-19,CUST-1492,Corporate,Fashion,Denim Jeans,3,2024.4,6073.200000000001,1695.44,Delhi,Delhi,Debit Card,Standard,7,2024-05
ORD-100685,2024-06-12,CUST-1210,Consumer,Grocery,Cooking Oil Can,2,940.01,1880.02,154.34,Delhi,Delhi,Debit Card,Standard,8,2024-06
ORD-100686,2025-06-17,CUST-1896,Consumer,Beauty,Face Serum,1,863.29,863.29,226.04,Pune,Maharashtra,Net Banking,Standard,4,2025-06
ORD-100687,2025-04-22,CUST-1890,Corporate,Fashion,Running Shoes,1,2966.94,2966.94,893.56,Bengaluru,Karnataka,Credit Card,Express,3,2025-04
ORD-100688,2025-10-15,CUST-1103,Corporate,Beauty,Makeup Kit,1,2844.14,2844.14,880.65,Delhi,Delhi,Credit Card,Standard,6,2025-10
ORD-100689,2025-11-12,CUST-1604,Corporate,Home & Kitchen,Cookware Set,1,4787.68,4787.68,1018.8,Pune,Maharashtra,Credit Card,Express,4,2025-11
ORD-100690,2024-09-01,CUST-1962,Consumer,Electronics,Smartphone,1,27733.86,27733.86,4751.95,Bengaluru,Karnataka,Cash on Delivery,Express,4,2024-09
ORD-100691,2024-01-27,CUST-1360,Small Business,Beauty,Makeup Kit,1,2047.33,2047.33,568.54,Kolkata,West Bengal,UPI,Express,4,2024-01
ORD-100692,2025-12-16,CUST-1341,Consumer,Fashion,Men's Casual Shirt,5,1144.43,5722.150000000001,1197.72,Mumbai,Maharashtra,Credit Card,Standard,5,2025-12
ORD-100693,2024-11-09,CUST-1917,Consumer,Grocery,Cooking Oil Can,1,1213.08,1213.08,109.92,Mumbai,Maharashtra,UPI,Express,3,2024-11
ORD-100694,2025-08-18,CUST-1872,Consumer,Electronics,Smartphone,1,22477.69,22477.69,3322.38,Bengaluru,Karnataka,Debit Card,Standard,8,2025-08
ORD-100695,2025-01-29,CUST-1683,Small Business,Home & Kitchen,Air Fryer,1,8952.07,8952.07,1569.02,Bengaluru,Karnataka,UPI,Standard,4,2025-01
ORD-100696,2024-08-19,CUST-1190,Corporate,Electronics,Bluetooth Speaker,1,3100.24,3100.24,319.58,Hyderabad,Telangana,Credit Card,Standard,8,2024-08
ORD-100697,2025-12-24,CUST-1814,Consumer,Home & Kitchen,Air Fryer,3,7658.91,22976.73,4221.78,Ahmedabad,Gujarat,UPI,Standard,5,2025-12
ORD-100698,2025-07-02,CUST-1633,Consumer,Accessories,Travel Duffel Bag,1,2654.47,2654.47,790.8,Kolkata,West Bengal,Credit Card,Standard,8,2025-07
ORD-100699,2025-04-04,CUST-1441,Corporate,Electronics,Bluetooth Speaker,2,2509.12,5018.24,608.63,Bengaluru,Karnataka,Net Banking,Standard,4,2025-04
ORD-100700,2024-11-13,CUST-1729,Corporate,Accessories,Phone Case,2,567.59,1135.18,267.39,Kolkata,West Bengal,Credit Card,Express,2,2024-11
ORD-100701,2025-06-26,CUST-1096,Small Business,Grocery,Basmati Rice Pack,1,1017.65,1017.65,129.1,Pune,Maharashtra,Credit Card,Same Day,0,2025-06
ORD-100702,2025-01-25,CUST-1359,Small Business,Accessories,Sunglasses,2,1194.42,2388.84,549.33,Jaipur,Rajasthan,Credit Card,Standard,7,2025-01
ORD-100703,2024-01-21,CUST-1879,Consumer,Fashion,Men's Casual Shirt,4,1076.46,4305.84,1186.6,Chennai,Tamil Nadu,UPI,Standard,6,2024-01
ORD-100704,2024-08-11,CUST-1031,Consumer,Beauty,Makeup Kit,5,1995.73,9978.65,2442.47,Hyderabad,Telangana,Net Banking,Express,2,2024-08
ORD-100705,2024-11-15,CUST-1802,Consumer,Grocery,Basmati Rice Pack,4,1181.41,4725.64,356.56,Jaipur,Rajasthan,UPI,Standard,6,2024-11
ORD-100706,2024-05-24,CUST-1679,Corporate,Home & Kitchen,Bedsheet Set,1,1996.06,1996.06,365.28,Hyderabad,Telangana,Cash on Delivery,Same Day,0,2024-05
ORD-100707,2025-07-13,CUST-1574,Consumer,Home & Kitchen,Storage Containers,2,863.21,1726.42,302.39,Chennai,Tamil Nadu,UPI,Standard,7,2025-07
ORD-100708,2025-12-16,CUST-1048,Small Business,Home & Kitchen,Bedsheet Set,1,2002.95,2002.95,494.83,Ahmedabad,Gujarat,UPI,Standard,4,2025-12
ORD-100709,2025-12-01,CUST-1074,Corporate,Fashion,Ethnic Saree,4,3043.02,12172.08,2494.8,Bengaluru,Karnataka,Credit Card,Same Day,1,2025-12
ORD-100710,2025-01-25,CUST-1045,Consumer,Home & Kitchen,Storage Containers,1,965.73,965.73,163.06,Bengaluru,Karnataka,Credit Card,Same Day,1,2025-01
ORD-100711,2025-03-08,CUST-1862,Small Business,Home & Kitchen,Bedsheet Set,2,1941.93,3883.86,981.97,Lucknow,Uttar Pradesh,Cash on Delivery,Standard,7,2025-03
ORD-100712,2025-12-10,CUST-1171,Small Business,Home & Kitchen,Storage Containers,1,967.39,967.39,161.32,Bengaluru,Karnataka,UPI,Standard,5,2025-12
ORD-100713,2024-10-20,CUST-1480,Consumer,Beauty,Makeup Kit,1,2698.88,2698.88,927.78,Mumbai,Maharashtra,UPI,Standard,5,2024-10
ORD-100714,2025-12-11,CUST-1044,Consumer,Electronics,Laptop,3,54966.05,164898.15000000002,23972.71,Hyderabad,Telangana,Net Banking,Express,2,2025-12
ORD-100715,2024-12-24,CUST-1071,Corporate,Fashion,Running Shoes,2,3623.8,7247.6,1690.18,Kochi,Kerala,Credit Card,Standard,7,2024-12
ORD-100716,2024-11-21,CUST-1006,Consumer,Fashion,Women's Kurti,1,1896.97,1896.97,483.34,Hyderabad,Telangana,Credit Card,Standard,4,2024-11
ORD-100717,2024-08-17,CUST-1699,Consumer,Grocery,Snack Combo,3,311.45,934.3499999999999,98.78,Bengaluru,Karnataka,UPI,Express,3,2024-08
ORD-100718,2024-06-05,CUST-1147,Consumer,Accessories,Sunglasses,2,1464.12,2928.24,573.96,Delhi,Delhi,UPI,Standard,4,2024-06
ORD-100719,2024-05-08,CUST-1136,Corporate,Grocery,Cooking Oil Can,3,929.88,2789.64,266.44,Indore,Madhya Pradesh,UPI,Standard,6,2024-05
ORD-100720,2025-11-06,CUST-1307,Small Business,Electronics,Bluetooth Speaker,3,3243.72,9731.16,1281.63,Pune,Maharashtra,Net Banking,Standard,8,2025-11
ORD-100721,2024-08-10,CUST-1656,Consumer,Grocery,Tea Powder Pack,1,508.13,508.13,31.46,Bengaluru,Karnataka,Debit Card,Standard,5,2024-08
ORD-100722,2024-09-08,CUST-1008,Small Business,Electronics,Laptop,4,62729.05,250916.2,43612.43,Mumbai,Maharashtra,Cash on Delivery,Express,2,2024-09
ORD-100723,2024-12-31,CUST-1103,Corporate,Fashion,Men's Casual Shirt,1,1106.6,1106.6,329.43,Mumbai,Maharashtra,UPI,Standard,5,2024-12
ORD-100724,2025-06-29,CUST-1773,Consumer,Grocery,Cooking Oil Can,4,944.97,3779.88,483.22,Delhi,Delhi,Cash on Delivery,Standard,5,2025-06
ORD-100725,2024-01-21,CUST-1907,Consumer,Home & Kitchen,Air Fryer,2,9021.3,18042.6,3764.21,Hyderabad,Telangana,UPI,Express,3,2024-01
ORD-100726,2024-04-23,CUST-1173,Consumer,Home & Kitchen,Air Fryer,5,8591.47,42957.35,7667.19,Kochi,Kerala,UPI,Standard,7,2024-04
ORD-100727,2024-01-25,CUST-1340,Consumer,Home & Kitchen,Storage Containers,2,1020.27,2040.54,360.76,Lucknow,Uttar Pradesh,UPI,Express,4,2024-01
ORD-100728,2025-08-10,CUST-1135,Small Business,Accessories,Travel Duffel Bag,1,2367.81,2367.81,490.11,Bengaluru,Karnataka,Debit Card,Express,3,2025-08
ORD-100729,2024-03-26,CUST-1181,Consumer,Home & Kitchen,Air Fryer,4,8870.61,35482.44,6324.17,Mumbai,Maharashtra,UPI,Express,2,2024-03
ORD-100730,2024-01-10,CUST-1627,Consumer,Grocery,Basmati Rice Pack,3,1194.84,3584.5199999999995,491.98,Lucknow,Uttar Pradesh,Debit Card,Express,4,2024-01
ORD-100731,2024-04-03,CUST-1480,Consumer,Electronics,Smartphone,1,24236.21,24236.21,2689.66,Hyderabad,Telangana,Debit Card,Standard,7,2024-04
ORD-100732,2025-06-03,CUST-1166,Consumer,Grocery,Basmati Rice Pack,1,1022.16,1022.16,118.57,Delhi,Delhi,Cash on Delivery,Standard,5,2025-06
ORD-100733,2024-10-19,CUST-1352,Small Business,Fashion,Denim Jeans,1,2354.76,2354.76,503.23,Chennai,Tamil Nadu,UPI,Standard,4,2024-10
ORD-100734,2025-04-01,CUST-1461,Consumer,Beauty,Makeup Kit,1,2394.47,2394.47,647.96,Bengaluru,Karnataka,Unknown,Standard,6,2025-04
ORD-100735,2024-11-16,CUST-1463,Consumer,Fashion,Running Shoes,2,4110.52,8221.04,1676.08,Ahmedabad,Gujarat,Debit Card,Express,3,2024-11
ORD-100736,2024-11-20,CUST-1400,Consumer,Fashion,Men's Casual Shirt,1,1591.12,1591.12,367.87,Lucknow,Uttar Pradesh,UPI,Same Day,0,2024-11
ORD-100737,2024-11-06,CUST-1068,Small Business,Electronics,Laptop,3,76589.02,229767.06,26420.97,Delhi,Delhi,Debit Card,Standard,4,2024-11
ORD-100738,2025-05-21,CUST-1349,Corporate,Home & Kitchen,Cookware Set,3,3488.02,10464.06,1664.12,Hyderabad,Telangana,Cash on Delivery,Standard,5,2025-05
ORD-100739,2025-04-29,CUST-1591,Corporate,Grocery,Dry Fruit Box,1,1407.25,1407.25,182.59,Pune,Maharashtra,Debit Card,Same Day,1,2025-04
ORD-100740,2025-08-09,CUST-1638,Consumer,Accessories,Leather Wallet,5,849.69,4248.450000000001,691.29,Jaipur,Rajasthan,Credit Card,Standard,4,2025-08
ORD-100741,2025-02-02,CUST-1802,Consumer,Home & Kitchen,Bedsheet Set,3,1982.81,5948.43,1437.93,Bengaluru,Karnataka,UPI,Standard,8,2025-02
ORD-100742,2024-07-23,CUST-1433,Corporate,Accessories,Travel Duffel Bag,3,2546.01,7638.030000000001,1430.54,Lucknow,Uttar Pradesh,Cash on Delivery,Express,2,2024-07
ORD-100743,2024-01-26,CUST-1959,Consumer,Fashion,Women's Kurti,1,1590.48,1590.48,368.37,Hyderabad,Telangana,UPI,Standard,7,2024-01
ORD-100744,2025-08-23,CUST-1405,Consumer,Beauty,Makeup Kit,1,2524.96,2524.96,685.87,Mumbai,Maharashtra,Credit Card,Standard,7,2025-08
ORD-100745,2025-08-05,CUST-1995,Consumer,Beauty,Sunscreen Lotion,1,665.13,665.13,232.64,Mumbai,Maharashtra,UPI,Standard,5,2025-08
ORD-100746,2025-07-12,CUST-1057,Corporate,Fashion,Men's Casual Shirt,1,1195.89,1195.89,331.55,Chennai,Tamil Nadu,Credit Card,Express,2,2025-07
ORD-100747,2024-02-13,CUST-1685,Corporate,Electronics,Bluetooth Speaker,1,2646.41,2646.41,274.53,Delhi,Delhi,UPI,Standard,6,2024-02
ORD-100748,2024-08-01,CUST-1272,Consumer,Electronics,Bluetooth Speaker,1,2849.31,2849.31,346.03,Pune,Maharashtra,Credit Card,Standard,4,2024-08
ORD-100749,2024-09-19,CUST-1115,Consumer,Electronics,Bluetooth Speaker,1,3210.09,3210.09,364.12,Ahmedabad,Gujarat,Cash on Delivery,Standard,7,2024-09
ORD-100750,2025-08-06,CUST-1317,Consumer,Beauty,Hair Dryer,3,1734.5,5203.5,1365.77,Hyderabad,Telangana,Cash on Delivery,Standard,6,2025-08
ORD-100751,2025-02-01,CUST-1905,Consumer,Grocery,Cooking Oil Can,3,957.8,2873.3999999999996,309.58,Chennai,Tamil Nadu,UPI,Express,2,2025-02
ORD-100752,2024-01-01,CUST-1669,Consumer,Electronics,Smartphone,1,21709.55,21709.55,3063.87,Kochi,Kerala,Debit Card,Express,3,2024-01
ORD-100753,2025-04-12,CUST-1115,Consumer,Grocery,Dry Fruit Box,4,1579.85,6319.4,723.86,Hyderabad,Telangana,UPI,Same Day,0,2025-04
ORD-100754,2024-10-06,CUST-1996,Consumer,Grocery,Snack Combo,1,444.72,444.72,50.81,Kolkata,West Bengal,Cash on Delivery,Standard,7,2024-10
ORD-100755,2025-05-05,CUST-1810,Consumer,Beauty,Sunscreen Lotion,1,620.65,620.65,196.47,Kolkata,West Bengal,Cash on Delivery,Standard,8,2025-05
ORD-100756,2025-01-11,CUST-1381,Consumer,Electronics,Wireless Earbuds,2,3543.03,7086.06,742.27,Bengaluru,Karnataka,UPI,Standard,5,2025-01
ORD-100757,2025-02-21,CUST-1518,Small Business,Fashion,Denim Jeans,1,2101.85,2101.85,638.69,Kolkata,West Bengal,Net Banking,Express,2,2025-02
ORD-100758,2024-06-12,CUST-1589,Consumer,Electronics,Wireless Earbuds,4,3642.22,14568.88,2592.54,Chennai,Tamil Nadu,Net Banking,Same Day,0,2024-06
ORD-100759,2025-12-01,CUST-1704,Corporate,Beauty,Hair Dryer,3,1752.79,5258.37,1560.6,Ahmedabad,Gujarat,UPI,Standard,8,2025-12
ORD-100760,2025-12-11,CUST-1845,Consumer,Beauty,Makeup Kit,4,2052.01,8208.04,1929.65,Hyderabad,Telangana,Credit Card,Same Day,1,2025-12
ORD-100761,2024-02-01,CUST-1351,Consumer,Accessories,Phone Case,1,422.09,422.09,123.37,Bengaluru,Karnataka,UPI,Express,4,2024-02
ORD-100762,2025-10-12,CUST-1705,Consumer,Fashion,Ethnic Saree,2,2946.26,5892.52,1086.65,Kochi,Kerala,Cash on Delivery,Standard,8,2025-10
ORD-100763,2025-01-24,CUST-1247,Consumer,Accessories,Sunglasses,1,1321.43,1321.43,343.82,Indore,Madhya Pradesh,Credit Card,Same Day,1,2025-01
ORD-100764,2025-04-07,CUST-1820,Small Business,Fashion,Ethnic Saree,1,2785.92,2785.92,551.54,Ahmedabad,Gujarat,Debit Card,Standard,7,2025-04
ORD-100765,2025-06-13,CUST-1255,Consumer,Electronics,Smart Watch,2,7362.12,14724.24,1713.98,Bengaluru,Karnataka,Debit Card,Express,3,2025-06
ORD-100766,2024-02-14,CUST-1758,Small Business,Grocery,Cooking Oil Can,1,895.43,895.43,111.64,Ahmedabad,Gujarat,Credit Card,Standard,5,2024-02
ORD-100767,2025-12-16,CUST-1269,Small Business,Electronics,Laptop,1,62544.56,62544.56,10682.11,Mumbai,Maharashtra,Debit Card,Express,2,2025-12
ORD-100768,2024-05-20,CUST-1118,Consumer,Home & Kitchen,Storage Containers,1,832.82,832.82,161.18,Kochi,Kerala,UPI,Standard,5,2024-05
ORD-100769,2025-02-04,CUST-1193,Corporate,Electronics,Bluetooth Speaker,1,2511.04,2511.04,404.1,Ahmedabad,Gujarat,Credit Card,Standard,5,2025-02
ORD-100770,2025-10-10,CUST-1252,Consumer,Electronics,Bluetooth Speaker,2,3701.91,7403.82,713.6,Delhi,Delhi,UPI,Same Day,0,2025-10
ORD-100771,2025-02-20,CUST-1490,Consumer,Home & Kitchen,Cookware Set,1,3503.23,3503.23,502.08,Jaipur,Rajasthan,Debit Card,Standard,5,2025-02
ORD-100772,2025-06-17,CUST-1287,Consumer,Grocery,Cooking Oil Can,1,1041.64,1041.64,136.8,Hyderabad,Telangana,Cash on Delivery,Express,3,2025-06
ORD-100773,2025-09-11,CUST-1480,Consumer,Accessories,Leather Wallet,1,1026.19,1026.19,264.07,Jaipur,Rajasthan,Debit Card,Same Day,0,2025-09
ORD-100774,2025-10-08,CUST-1196,Corporate,Accessories,Travel Duffel Bag,1,2991.03,2991.03,614.31,Chennai,Tamil Nadu,Credit Card,Standard,5,2025-10
ORD-100775,2025-11-16,CUST-1595,Consumer,Fashion,Running Shoes,2,4135.2,8270.4,1649.94,Pune,Maharashtra,UPI,Standard,6,2025-11
ORD-100776,2024-07-29,CUST-1149,Consumer,Beauty,Sunscreen Lotion,2,687.29,1374.58,374.57,Pune,Maharashtra,UPI,Same Day,1,2024-07
ORD-100777,2025-02-06,CUST-1437,Consumer,Electronics,Laptop,1,54108.19,54108.19,9418.67,Jaipur,Rajasthan,Credit Card,Standard,5,2025-02
ORD-100778,2024-05-02,CUST-1209,Consumer,Electronics,Laptop,1,53036.17,53036.17,8401.52,Delhi,Delhi,Debit Card,Standard,4,2024-05
ORD-100779,2025-10-01,CUST-1780,Consumer,Electronics,Smartphone,3,24910.51,74731.53,8344.61,Mumbai,Maharashtra,Cash on Delivery,Standard,4,2025-10
ORD-100780,2024-01-18,CUST-1913,Consumer,Grocery,Cooking Oil Can,5,860.25,4301.25,291.0,Chennai,Tamil Nadu,UPI,Standard,7,2024-01
ORD-100781,2025-03-21,CUST-1023,Consumer,Electronics,Bluetooth Speaker,2,2934.18,5868.36,732.39,Kolkata,West Bengal,UPI,Express,4,2025-03
ORD-100782,2025-06-20,CUST-1212,Consumer,Grocery,Tea Powder Pack,1,398.61,398.61,28.53,Delhi,Delhi,UPI,Express,2,2025-06
ORD-100783,2025-01-23,CUST-1020,Consumer,Fashion,Running Shoes,2,3236.86,6473.72,2012.92,Lucknow,Uttar Pradesh,Debit Card,Standard,6,2025-01
ORD-100784,2024-12-22,CUST-1049,Corporate,Accessories,Laptop Backpack,1,1670.5,1670.5,407.39,Delhi,Delhi,UPI,Express,3,2024-12
ORD-100785,2025-07-20,CUST-1237,Small Business,Accessories,Laptop Backpack,1,1533.73,1533.73,442.07,Pune,Maharashtra,Unknown,Standard,6,2025-07
ORD-100786,2025-04-26,CUST-1797,Consumer,Home & Kitchen,Cookware Set,4,3957.02,15828.08,2587.04,Mumbai,Maharashtra,Debit Card,Express,4,2025-04
ORD-100787,2024-07-10,CUST-1866,Consumer,Beauty,Hair Dryer,1,1588.41,1588.41,354.06,Chennai,Tamil Nadu,Cash on Delivery,Standard,4,2024-07
ORD-100788,2025-04-18,CUST-1693,Corporate,Grocery,Snack Combo,1,325.16,325.16,21.25,Jaipur,Rajasthan,Credit Card,Standard,7,2025-04
ORD-100789,2025-10-24,CUST-1211,Consumer,Beauty,Shampoo Combo,4,924.27,3697.08,1202.4,Delhi,Delhi,Net Banking,Standard,7,2025-10
ORD-100790,2025-02-26,CUST-1664,Corporate,Grocery,Basmati Rice Pack,1,1060.25,1060.25,129.36,Pune,Maharashtra,UPI,Standard,8,2025-02
ORD-100791,2024-09-15,CUST-1054,Consumer,Electronics,Bluetooth Speaker,2,3338.95,6677.9,880.6,Lucknow,Uttar Pradesh,Cash on Delivery,Express,3,2024-09
ORD-100792,2024-10-28,CUST-1149,Corporate,Grocery,Tea Powder Pack,1,543.49,543.49,47.94,Bengaluru,Karnataka,Credit Card,Same Day,0,2024-10
ORD-100793,2025-06-17,CUST-1781,Consumer,Electronics,Smart Watch,1,6536.01,6536.01,784.74,Hyderabad,Telangana,Debit Card,Standard,7,2025-06
ORD-100794,2024-06-06,CUST-1225,Consumer,Home & Kitchen,Storage Containers,4,887.24,3548.96,804.57,Chennai,Tamil Nadu,UPI,Standard,7,2024-06
ORD-100795,2024-07-17,CUST-1805,Consumer,Accessories,Phone Case,1,500.07,500.07,84.65,Delhi,Delhi,Credit Card,Express,4,2024-07
ORD-100796,2025-11-16,CUST-1539,Consumer,Accessories,Sunglasses,2,1736.23,3472.46,827.14,Bengaluru,Karnataka,Debit Card,Express,4,2025-11
ORD-100797,2025-08-31,CUST-1820,Small Business,Beauty,Shampoo Combo,3,758.95,2276.8500000000004,800.52,Kolkata,West Bengal,UPI,Same Day,1,2025-08
ORD-100798,2024-08-12,CUST-1166,Consumer,Electronics,Bluetooth Speaker,4,2659.01,10636.04,1823.72,Lucknow,Uttar Pradesh,Net Banking,Standard,6,2024-08
ORD-100799,2024-02-28,CUST-1415,Consumer,Beauty,Sunscreen Lotion,1,720.34,720.34,253.03,Kochi,Kerala,UPI,Express,3,2024-02
ORD-100800,2025-09-04,CUST-1482,Consumer,Fashion,Women's Kurti,1,1744.37,1744.37,334.04,Mumbai,Maharashtra,UPI,Standard,5,2025-09
ORD-100801,2025-12-17,CUST-1843,Small Business,Accessories,Leather Wallet,1,936.14,936.14,279.29,Kolkata,West Bengal,UPI,Standard,5,2025-12
ORD-100802,2024-03-14,CUST-1872,Consumer,Home & Kitchen,Storage Containers,3,863.68,2591.04,443.58,Jaipur,Rajasthan,UPI,Standard,6,2024-03
ORD-100803,2025-06-05,CUST-1037,Consumer,Home & Kitchen,Air Fryer,1,8291.22,8291.22,2086.57,Mumbai,Maharashtra,Credit Card,Standard,7,2025-06
ORD-100804,2024-05-09,CUST-1959,Corporate,Electronics,Smartphone,1,19812.4,19812.4,3156.77,Indore,Madhya Pradesh,Cash on Delivery,Express,4,2024-05
ORD-100805,2024-07-15,CUST-1835,Consumer,Beauty,Sunscreen Lotion,1,580.9,580.9,193.88,Hyderabad,Telangana,Net Banking,Express,3,2024-07
ORD-100806,2025-08-03,CUST-1980,Consumer,Fashion,Running Shoes,4,2980.83,11923.32,2420.26,Kochi,Kerala,UPI,Standard,5,2025-08
ORD-100807,2025-10-08,CUST-1910,Consumer,Electronics,Smartphone,1,25337.73,25337.73,3682.56,Ahmedabad,Gujarat,Credit Card,Standard,8,2025-10
ORD-100808,2024-02-10,CUST-1951,Consumer,Accessories,Phone Case,2,486.61,973.22,211.22,Delhi,Delhi,Cash on Delivery,Express,3,2024-02
ORD-100809,2024-08-16,CUST-1244,Consumer,Home & Kitchen,Bedsheet Set,1,1735.34,1735.34,290.73,Jaipur,Rajasthan,UPI,Standard,4,2024-08
ORD-100810,2025-07-13,CUST-1798,Consumer,Accessories,Leather Wallet,4,796.12,3184.48,805.24,Chennai,Tamil Nadu,UPI,Standard,8,2025-07
ORD-100811,2024-06-30,CUST-1687,Consumer,Accessories,Travel Duffel Bag,2,2246.57,4493.14,800.6,Ahmedabad,Gujarat,UPI,Express,2,2024-06
ORD-100812,2024-10-22,CUST-1783,Consumer,Fashion,Women's Kurti,1,1826.37,1826.37,346.28,Mumbai,Maharashtra,UPI,Standard,6,2024-10
ORD-100813,2024-05-05,CUST-1064,Consumer,Beauty,Shampoo Combo,2,841.62,1683.24,411.88,Delhi,Delhi,UPI,Standard,4,2024-05
ORD-100814,2025-10-08,CUST-1999,Small Business,Home & Kitchen,Storage Containers,1,1035.72,1035.72,157.87,Hyderabad,Telangana,UPI,Standard,7,2025-10
ORD-100815,2025-04-13,CUST-1992,Consumer,Beauty,Makeup Kit,1,2331.8,2331.8,514.21,Chennai,Tamil Nadu,Credit Card,Same Day,0,2025-04
ORD-100816,2025-07-28,CUST-1549,Corporate,Electronics,Smartphone,3,23012.17,69036.51,9154.84,Pune,Maharashtra,UPI,Express,2,2025-07
ORD-100817,2025-11-11,CUST-1756,Consumer,Grocery,Basmati Rice Pack,5,1192.0,5960.0,554.06,Kochi,Kerala,UPI,Standard,4,2025-11
ORD-100818,2024-04-05,CUST-1596,Corporate,Accessories,Leather Wallet,4,1026.72,4106.88,849.01,Hyderabad,Telangana,UPI,Express,4,2024-04
ORD-100819,2024-03-22,CUST-1095,Corporate,Fashion,Ethnic Saree,3,2894.37,8683.11,2402.33,Ahmedabad,Gujarat,UPI,Express,3,2024-03
ORD-100820,2025-08-25,CUST-1172,Consumer,Electronics,Smartphone,1,24851.04,24851.04,2331.7,Bengaluru,Karnataka,Unknown,Express,2,2025-08
ORD-100821,2024-01-18,CUST-1504,Consumer,Beauty,Face Serum,2,1029.85,2059.7,649.92,Pune,Maharashtra,UPI,Express,4,2024-01
ORD-100822,2025-06-24,CUST-1001,Small Business,Electronics,Laptop,1,53252.06,53252.06,9459.43,Hyderabad,Telangana,UPI,Express,4,2025-06
ORD-100823,2025-08-13,CUST-1283,Small Business,Electronics,Wireless Earbuds,1,3708.0,3708.0,373.76,Kolkata,West Bengal,Credit Card,Express,2,2025-08
ORD-100824,2024-01-15,CUST-1454,Corporate,Beauty,Face Serum,1,926.8,926.8,219.89,Jaipur,Rajasthan,Cash on Delivery,Standard,8,2024-01
ORD-100825,2025-11-12,CUST-1536,Consumer,Electronics,Laptop,4,72919.06,291676.24,39111.51,Mumbai,Maharashtra,UPI,Express,4,2025-11
ORD-100826,2024-06-30,CUST-1276,Consumer,Grocery,Cooking Oil Can,1,839.66,839.66,93.66,Mumbai,Maharashtra,UPI,Standard,3,2024-06
ORD-100827,2025-10-22,CUST-1764,Consumer,Accessories,Laptop Backpack,2,1888.22,3776.44,880.23,Ahmedabad,Gujarat,UPI,Express,4,2025-10
ORD-100828,2024-10-16,CUST-1981,Consumer,Accessories,Laptop Backpack,1,1902.5,1902.5,549.93,Hyderabad,Telangana,Debit Card,Express,2,2024-10
ORD-100829,2024-01-02,CUST-1098,Consumer,Beauty,Makeup Kit,2,2051.42,4102.84,1302.42,Pune,Maharashtra,Credit Card,Standard,8,2024-01
ORD-100830,2024-12-10,CUST-1209,Consumer,Grocery,Dry Fruit Box,1,1529.5,1529.5,176.17,Bengaluru,Karnataka,Credit Card,Express,3,2024-12
ORD-100831,2025-07-15,CUST-1095,Consumer,Beauty,Face Serum,1,872.1,872.1,223.17,Kolkata,West Bengal,UPI,Same Day,0,2025-07
ORD-100832,2025-07-03,CUST-1908,Consumer,Electronics,Wireless Earbuds,3,3999.51,11998.53,1340.34,Jaipur,Rajasthan,UPI,Same Day,1,2025-07
ORD-100833,2025-03-13,CUST-1239,Corporate,Home & Kitchen,Storage Containers,2,1027.53,2055.06,328.22,Mumbai,Maharashtra,Debit Card,Express,2,2025-03
ORD-100834,2024-10-29,CUST-1157,Corporate,Electronics,Bluetooth Speaker,2,3519.64,7039.28,776.48,Hyderabad,Telangana,Cash on Delivery,Express,4,2024-10
ORD-100835,2025-01-18,CUST-1907,Consumer,Electronics,Laptop,1,53883.55,53883.55,8937.22,Bengaluru,Karnataka,Cash on Delivery,Standard,5,2025-01
ORD-100836,2025-04-04,CUST-1791,Consumer,Home & Kitchen,Storage Containers,1,945.96,945.96,161.97,Hyderabad,Telangana,Net Banking,Standard,7,2025-04
ORD-100837,2024-05-09,CUST-1551,Small Business,Grocery,Basmati Rice Pack,4,1038.76,4155.04,551.57,Jaipur,Rajasthan,Debit Card,Express,2,2024-05
ORD-100838,2025-09-13,CUST-1870,Corporate,Fashion,Men's Casual Shirt,2,1275.49,2550.98,489.02,Chennai,Tamil Nadu,UPI,Express,3,2025-09
ORD-100839,2025-10-01,CUST-1793,Corporate,Grocery,Basmati Rice Pack,1,1295.66,1295.66,148.36,Chennai,Tamil Nadu,UPI,Standard,4,2025-10
ORD-100840,2024-06-17,CUST-1736,Consumer,Grocery,Basmati Rice Pack,3,1216.86,3650.58,247.73,Bengaluru,Karnataka,UPI,Standard,6,2024-06
ORD-100841,2025-05-31,CUST-1844,Corporate,Fashion,Men's Casual Shirt,2,1308.85,2617.7,502.35,Jaipur,Rajasthan,Credit Card,Standard,4,2025-05
ORD-100842,2024-02-11,CUST-1414,Consumer,Grocery,Dry Fruit Box,2,1415.19,2830.38,255.39,Mumbai,Maharashtra,UPI,Standard,8,2024-02
ORD-100843,2024-11-25,CUST-1420,Consumer,Fashion,Running Shoes,1,3374.68,3374.68,687.87,Chennai,Tamil Nadu,Credit Card,Standard,7,2024-11
ORD-100844,2024-01-18,CUST-1911,Consumer,Home & Kitchen,Bedsheet Set,3,1976.42,5929.26,1204.22,Jaipur,Rajasthan,Credit Card,Same Day,0,2024-01
ORD-100845,2025-10-21,CUST-1689,Consumer,Electronics,Wireless Earbuds,1,4731.18,4731.18,638.05,Indore,Madhya Pradesh,Debit Card,Standard,6,2025-10
ORD-100846,2025-06-18,CUST-1106,Consumer,Home & Kitchen,Bedsheet Set,2,1921.43,3842.86,611.13,Ahmedabad,Gujarat,Debit Card,Standard,8,2025-06
ORD-100847,2024-10-25,CUST-1300,Consumer,Electronics,Smartphone,4,27436.01,109744.04,11424.41,Jaipur,Rajasthan,Cash on Delivery,Express,3,2024-10
ORD-100848,2024-11-11,CUST-1850,Small Business,Beauty,Face Serum,1,1074.3,1074.3,312.33,Delhi,Delhi,UPI,Express,2,2024-11
ORD-100849,2025-12-14,CUST-1601,Consumer,Accessories,Sunglasses,1,1394.53,1394.53,402.05,Pune,Maharashtra,Debit Card,Standard,6,2025-12
ORD-100850,2024-04-14,CUST-1504,Consumer,Fashion,Women's Kurti,1,1618.75,1618.75,397.08,Jaipur,Rajasthan,UPI,Standard,4,2024-04
ORD-100851,2025-02-20,CUST-1797,Consumer,Fashion,Women's Kurti,4,1623.81,6495.24,2004.03,Bengaluru,Karnataka,Cash on Delivery,Standard,7,2025-02
ORD-100852,2024-08-01,CUST-1341,Consumer,Grocery,Basmati Rice Pack,3,1275.16,3825.4800000000005,268.67,Kochi,Kerala,Debit Card,Same Day,1,2024-08
ORD-100853,2025-09-02,CUST-1618,Consumer,Fashion,Running Shoes,1,4089.17,4089.17,737.81,Jaipur,Rajasthan,UPI,Standard,4,2025-09
ORD-100854,2025-07-06,CUST-1075,Consumer,Home & Kitchen,Storage Containers,1,850.3,850.3,121.73,Mumbai,Maharashtra,UPI,Express,2,2025-07
ORD-100855,2024-02-07,CUST-1958,Consumer,Fashion,Men's Casual Shirt,2,1344.05,2688.1,679.43,Bengaluru,Karnataka,UPI,Express,2,2024-02
ORD-100856,2024-04-08,CUST-1837,Small Business,Grocery,Basmati Rice Pack,1,1007.67,1007.67,140.29,Chennai,Tamil Nadu,UPI,Standard,7,2024-04
ORD-100857,2024-08-05,CUST-1434,Corporate,Electronics,Laptop,1,53890.25,53890.25,5910.38,Bengaluru,Karnataka,Credit Card,Standard,7,2024-08
ORD-100858,2024-09-27,CUST-1417,Consumer,Electronics,Bluetooth Speaker,1,3798.53,3798.53,381.47,Indore,Madhya Pradesh,UPI,Standard,5,2024-09
ORD-100859,2025-11-14,CUST-1731,Small Business,Fashion,Men's Casual Shirt,1,1520.09,1520.09,448.6,Bengaluru,Karnataka,Net Banking,Standard,8,2025-11
ORD-100860,2025-09-04,CUST-1091,Small Business,Home & Kitchen,Cookware Set,3,4355.73,13067.189999999999,2727.46,Delhi,Delhi,UPI,Standard,8,2025-09
ORD-100861,2025-10-14,CUST-1110,Consumer,Home & Kitchen,Bedsheet Set,5,2016.73,10083.65,1437.45,Pune,Maharashtra,Debit Card,Same Day,0,2025-10
ORD-100862,2025-03-16,CUST-1178,Corporate,Grocery,Dry Fruit Box,1,1451.46,1451.46,142.01,Ahmedabad,Gujarat,UPI,Standard,7,2025-03
ORD-100863,2024-08-13,CUST-1983,Consumer,Accessories,Phone Case,1,479.48,479.48,114.39,Chennai,Tamil Nadu,Debit Card,Standard,6,2024-08
ORD-100864,2024-12-15,CUST-1352,Consumer,Accessories,Travel Duffel Bag,1,2652.68,2652.68,669.88,Pune,Maharashtra,UPI,Standard,8,2024-12
ORD-100865,2025-03-12,CUST-1554,Consumer,Grocery,Basmati Rice Pack,1,1223.83,1223.83,106.41,Chennai,Tamil Nadu,Credit Card,Standard,5,2025-03
ORD-100866,2024-02-11,CUST-1119,Corporate,Grocery,Snack Combo,4,389.59,1558.36,157.57,Mumbai,Maharashtra,Debit Card,Same Day,0,2024-02
ORD-100867,2024-07-16,CUST-1878,Corporate,Home & Kitchen,Mixer Grinder,3,4089.77,12269.31,1788.25,Bengaluru,Karnataka,UPI,Standard,6,2024-07
ORD-100868,2025-06-18,CUST-1613,Consumer,Fashion,Women's Kurti,1,1564.63,1564.63,371.69,Lucknow,Uttar Pradesh,UPI,Standard,7,2025-06
ORD-100869,2025-02-16,CUST-1164,Consumer,Beauty,Makeup Kit,3,2189.57,6568.710000000001,2179.59,Lucknow,Uttar Pradesh,Net Banking,Express,3,2025-02
ORD-100870,2025-06-20,CUST-1937,Small Business,Electronics,Wireless Earbuds,2,3337.54,6675.08,1183.67,Bengaluru,Karnataka,UPI,Standard,5,2025-06
ORD-100871,2024-07-28,CUST-1135,Consumer,Home & Kitchen,Mixer Grinder,3,4753.36,14260.079999999998,3028.15,Delhi,Delhi,Credit Card,Standard,8,2024-07
ORD-100872,2024-08-11,CUST-1996,Corporate,Accessories,Sunglasses,1,1468.47,1468.47,353.95,Bengaluru,Karnataka,UPI,Standard,7,2024-08
ORD-100873,2024-07-28,CUST-1853,Consumer,Fashion,Men's Casual Shirt,2,1335.55,2671.1,680.56,Hyderabad,Telangana,UPI,Standard,5,2024-07
ORD-100874,2024-07-05,CUST-1776,Consumer,Home & Kitchen,Storage Containers,1,840.73,840.73,135.02,Chennai,Tamil Nadu,Cash on Delivery,Express,3,2024-07
ORD-100875,2024-04-27,CUST-1412,Corporate,Grocery,Snack Combo,3,325.37,976.11,117.15,Hyderabad,Telangana,Net Banking,Standard,8,2024-04
ORD-100876,2025-05-23,CUST-1644,Consumer,Fashion,Men's Casual Shirt,1,1192.11,1192.11,239.04,Delhi,Delhi,Debit Card,Standard,5,2025-05
ORD-100877,2025-11-06,CUST-1335,Consumer,Electronics,Laptop,1,75122.5,75122.5,10405.72,Kolkata,West Bengal,Net Banking,Standard,5,2025-11
ORD-100878,2025-07-01,CUST-1974,Consumer,Beauty,Face Serum,3,907.43,2722.29,807.27,Chennai,Tamil Nadu,Debit Card,Express,3,2025-07
ORD-100879,2025-09-04,CUST-1290,Consumer,Beauty,Shampoo Combo,3,897.0,2691.0,820.17,Delhi,Delhi,Credit Card,Standard,4,2025-09
ORD-100880,2025-03-27,CUST-1389,Corporate,Home & Kitchen,Mixer Grinder,1,4782.21,4782.21,926.36,Kolkata,West Bengal,Net Banking,Standard,8,2025-03
ORD-100881,2025-06-28,CUST-1505,Small Business,Electronics,Laptop,2,59841.7,119683.4,20002.94,Chennai,Tamil Nadu,UPI,Standard,8,2025-06
ORD-100882,2024-01-01,CUST-1702,Consumer,Beauty,Sunscreen Lotion,1,605.9,605.9,156.14,Kolkata,West Bengal,UPI,Standard,7,2024-01
ORD-100883,2025-07-08,CUST-1653,Consumer,Beauty,Hair Dryer,1,1960.22,1960.22,574.94,Mumbai,Maharashtra,Net Banking,Standard,8,2025-07
ORD-100884,2025-02-04,CUST-1739,Small Business,Beauty,Shampoo Combo,3,753.77,2261.31,678.76,Lucknow,Uttar Pradesh,Credit Card,Standard,6,2025-02
ORD-100885,2025-08-12,CUST-1378,Consumer,Accessories,Leather Wallet,1,1030.41,1030.41,179.61,Delhi,Delhi,Net Banking,Express,2,2025-08
ORD-100886,2025-07-26,CUST-1948,Corporate,Home & Kitchen,Bedsheet Set,1,1891.38,1891.38,330.0,Kochi,Kerala,Cash on Delivery,Express,4,2025-07
ORD-100887,2025-06-18,CUST-1207,Consumer,Home & Kitchen,Cookware Set,3,3406.94,10220.82,1536.41,Bengaluru,Karnataka,Debit Card,Standard,4,2025-06
ORD-100888,2025-05-02,CUST-1290,Small Business,Fashion,Women's Kurti,3,1719.26,5157.78,1505.21,Jaipur,Rajasthan,Debit Card,Standard,0,2025-05
ORD-100889,2025-01-27,CUST-1240,Corporate,Electronics,Wireless Earbuds,2,4009.02,8018.04,809.67,Hyderabad,Telangana,Credit Card,Standard,6,2025-01
ORD-100890,2024-05-20,CUST-1286,Consumer,Grocery,Dry Fruit Box,4,1450.5,5802.0,749.17,Delhi,Delhi,UPI,Standard,7,2024-05
ORD-100891,2025-11-16,CUST-1980,Consumer,Home & Kitchen,Bedsheet Set,1,2245.09,2245.09,412.3,Chennai,Tamil Nadu,UPI,Standard,8,2025-11
ORD-100892,2024-01-27,CUST-1818,Consumer,Electronics,Laptop,1,64860.45,64860.45,10988.92,Indore,Madhya Pradesh,UPI,Standard,5,2024-01
ORD-100893,2024-02-04,CUST-1147,Consumer,Electronics,Wireless Earbuds,2,3700.75,7401.5,949.7,Mumbai,Maharashtra,Cash on Delivery,Standard,7,2024-02
ORD-100894,2025-10-14,CUST-1972,Small Business,Accessories,Phone Case,3,574.23,1722.69,513.14,Delhi,Delhi,Credit Card,Express,3,2025-10
ORD-100895,2024-04-18,CUST-1906,Consumer,Grocery,Cooking Oil Can,3,886.65,2659.95,161.1,Kolkata,West Bengal,UPI,Standard,7,2024-04
ORD-100896,2025-07-20,CUST-1266,Corporate,Fashion,Women's Kurti,2,1330.17,2660.34,654.53,Hyderabad,Telangana,UPI,Express,3,2025-07
ORD-100897,2024-06-07,CUST-1401,Consumer,Home & Kitchen,Air Fryer,4,8921.63,35686.52,7184.1,Hyderabad,Telangana,Cash on Delivery,Express,2,2024-06
ORD-100898,2024-06-28,CUST-1176,Consumer,Beauty,Face Serum,1,1018.87,1018.87,356.21,Pune,Maharashtra,Net Banking,Same Day,0,2024-06
ORD-100899,2024-06-24,CUST-1719,Small Business,Accessories,Phone Case,5,488.33,2441.65,578.9,Ahmedabad,Gujarat,Debit Card,Standard,5,2024-06
ORD-100900,2025-07-23,CUST-1267,Small Business,Grocery,Snack Combo,4,334.14,1336.56,132.92,Hyderabad,Telangana,Credit Card,Standard,5,2025-07
ORD-100901,2024-04-29,CUST-1777,Consumer,Accessories,Sunglasses,1,1306.64,1306.64,221.85,Pune,Maharashtra,Credit Card,Standard,5,2024-04
ORD-100902,2024-11-30,CUST-1561,Consumer,Electronics,Laptop,1,78455.93,78455.93,13739.39,Kolkata,West Bengal,UPI,Standard,6,2024-11
ORD-100903,2025-12-03,CUST-1242,Consumer,Electronics,Smart Watch,4,6663.9,26655.6,3612.7,Chennai,Tamil Nadu,UPI,Standard,8,2025-12
ORD-100904,2024-10-11,CUST-1023,Corporate,Electronics,Smartphone,5,24562.33,122811.65000000001,15339.99,Hyderabad,Telangana,Credit Card,Standard,5,2024-10
ORD-100905,2025-11-10,CUST-1215,Corporate,Electronics,Smart Watch,1,7399.87,7399.87,984.31,Ahmedabad,Gujarat,Credit Card,Standard,7,2025-11
ORD-100906,2024-02-19,CUST-1620,Corporate,Home & Kitchen,Mixer Grinder,2,4556.54,9113.08,2223.66,Hyderabad,Telangana,Debit Card,Express,2,2024-02
ORD-100907,2024-05-12,CUST-1037,Consumer,Electronics,Laptop,4,51719.66,206878.64,30116.51,Delhi,Delhi,UPI,Standard,5,2024-05
ORD-100908,2025-11-07,CUST-1640,Consumer,Fashion,Women's Kurti,1,1880.05,1880.05,417.76,Chennai,Tamil Nadu,Net Banking,Standard,4,2025-11
ORD-100909,2024-05-17,CUST-1824,Small Business,Grocery,Snack Combo,1,336.1,336.1,30.03,Kolkata,West Bengal,Debit Card,Express,4,2024-05
ORD-100910,2025-12-12,CUST-1314,Corporate,Home & Kitchen,Bedsheet Set,2,1999.04,3998.08,777.42,Bengaluru,Karnataka,UPI,Standard,8,2025-12
ORD-100911,2024-06-08,CUST-1453,Corporate,Grocery,Dry Fruit Box,1,1620.12,1620.12,127.12,Kochi,Kerala,Net Banking,Standard,8,2024-06
ORD-100912,2024-08-21,CUST-1033,Consumer,Fashion,Ethnic Saree,1,3138.25,3138.25,980.14,Bengaluru,Karnataka,UPI,Express,2,2024-08
ORD-100913,2025-07-31,CUST-1863,Consumer,Home & Kitchen,Air Fryer,4,8261.41,33045.64,5848.78,Kochi,Kerala,UPI,Same Day,1,2025-07
ORD-100914,2024-09-14,CUST-1102,Consumer,Home & Kitchen,Mixer Grinder,2,4365.07,8730.14,1346.37,Hyderabad,Telangana,UPI,Express,4,2024-09
ORD-100915,2025-06-12,CUST-1474,Consumer,Accessories,Sunglasses,1,1148.78,1148.78,323.47,Hyderabad,Telangana,Credit Card,Standard,6,2025-06
ORD-100916,2025-04-18,CUST-1720,Consumer,Fashion,Men's Casual Shirt,3,1167.6,3502.7999999999997,1029.19,Hyderabad,Telangana,UPI,Standard,7,2025-04
ORD-100917,2025-06-24,CUST-1160,Corporate,Fashion,Running Shoes,2,3216.35,6432.7,1694.77,Chennai,Tamil Nadu,Cash on Delivery,Same Day,1,2025-06
ORD-100918,2025-02-07,CUST-1435,Consumer,Fashion,Running Shoes,1,2949.43,2949.43,557.36,Jaipur,Rajasthan,Net Banking,Standard,6,2025-02
ORD-100919,2024-04-29,CUST-1587,Consumer,Home & Kitchen,Mixer Grinder,1,4388.09,4388.09,747.2,Ahmedabad,Gujarat,UPI,Standard,8,2024-04
ORD-100920,2024-06-25,CUST-1654,Consumer,Accessories,Laptop Backpack,1,1786.63,1786.63,518.3,Mumbai,Maharashtra,UPI,Standard,8,2024-06
ORD-100921,2025-02-28,CUST-1254,Consumer,Home & Kitchen,Air Fryer,1,8079.49,8079.49,1501.5,Kolkata,West Bengal,UPI,Standard,7,2025-02
ORD-100922,2025-12-06,CUST-1868,Small Business,Fashion,Women's Kurti,5,1601.29,8006.45,2094.49,Hyderabad,Telangana,Debit Card,Express,2,2025-12
ORD-100923,2025-04-16,CUST-1240,Consumer,Electronics,Laptop,3,59818.54,179455.62,18921.36,Bengaluru,Karnataka,Debit Card,Express,2,2025-04
ORD-100924,2025-08-21,CUST-1993,Consumer,Home & Kitchen,Storage Containers,1,828.94,828.94,211.8,Pune,Maharashtra,UPI,Same Day,0,2025-08
ORD-100925,2024-05-03,CUST-1063,Corporate,Fashion,Ethnic Saree,2,3154.06,6308.12,1588.64,Hyderabad,Telangana,UPI,Standard,4,2024-05
ORD-100926,2025-11-13,CUST-1690,Corporate,Electronics,Laptop,1,76373.97,76373.97,12662.09,Mumbai,Maharashtra,UPI,Standard,5,2025-11
ORD-100927,2025-05-31,CUST-1264,Small Business,Electronics,Laptop,1,62833.58,62833.58,7872.38,Chennai,Tamil Nadu,UPI,Standard,6,2025-05
ORD-100928,2024-02-15,CUST-1594,Corporate,Home & Kitchen,Mixer Grinder,2,4344.97,8689.94,1919.63,Mumbai,Maharashtra,Cash on Delivery,Express,2,2024-02
ORD-100929,2025-10-17,CUST-1463,Consumer,Beauty,Makeup Kit,1,2724.06,2724.06,742.81,Hyderabad,Telangana,UPI,Same Day,1,2025-10
ORD-100930,2024-04-14,CUST-1547,Consumer,Fashion,Women's Kurti,1,1387.12,1387.12,362.32,Chennai,Tamil Nadu,Debit Card,Standard,8,2024-04
ORD-100931,2024-05-20,CUST-1219,Small Business,Electronics,Smartphone,5,21794.36,108971.8,11291.71,Lucknow,Uttar Pradesh,UPI,Express,3,2024-05
ORD-100932,2025-09-06,CUST-1940,Consumer,Grocery,Cooking Oil Can,2,1037.72,2075.44,203.41,Mumbai,Maharashtra,Credit Card,Standard,5,2025-09
ORD-100933,2025-12-18,CUST-1280,Consumer,Electronics,Wireless Earbuds,1,3242.26,3242.26,556.3,Ahmedabad,Gujarat,Credit Card,Standard,4,2025-12
ORD-100934,2025-05-10,CUST-1887,Consumer,Fashion,Men's Casual Shirt,4,1368.94,5475.76,1381.04,Delhi,Delhi,Cash on Delivery,Standard,8,2025-05
ORD-100935,2024-10-04,CUST-1715,Small Business,Electronics,Wireless Earbuds,1,4614.79,4614.79,458.77,Bengaluru,Karnataka,UPI,Standard,7,2024-10
ORD-100936,2025-06-02,CUST-1059,Corporate,Home & Kitchen,Air Fryer,1,7546.17,7546.17,1364.61,Mumbai,Maharashtra,Debit Card,Standard,8,2025-06
ORD-100937,2025-01-25,CUST-1431,Consumer,Accessories,Phone Case,4,401.61,1606.44,391.07,Kolkata,West Bengal,UPI,Express,3,2025-01
ORD-100938,2025-08-16,CUST-1183,Consumer,Beauty,Hair Dryer,1,1771.68,1771.68,537.13,Bengaluru,Karnataka,Net Banking,Standard,8,2025-08
ORD-100939,2025-07-24,CUST-1348,Consumer,Accessories,Leather Wallet,2,900.7,1801.4,523.12,Jaipur,Rajasthan,UPI,Standard,6,2025-07
ORD-100940,2024-08-14,CUST-1788,Consumer,Fashion,Running Shoes,1,3269.75,3269.75,783.17,Ahmedabad,Gujarat,Debit Card,Standard,5,2024-08
ORD-100941,2025-09-10,CUST-1710,Corporate,Electronics,Laptop,2,64613.7,129227.4,12255.01,Pune,Maharashtra,UPI,Standard,7,2025-09
ORD-100942,2025-02-03,CUST-1061,Consumer,Electronics,Wireless Earbuds,1,3157.48,3157.48,364.01,Pune,Maharashtra,Cash on Delivery,Standard,8,2025-02
ORD-100943,2025-06-12,CUST-1138,Small Business,Home & Kitchen,Mixer Grinder,5,4261.89,21309.45,3484.22,Delhi,Delhi,UPI,Standard,4,2025-06
ORD-100944,2025-03-11,CUST-1887,Corporate,Fashion,Women's Kurti,1,1626.79,1626.79,305.0,Pune,Maharashtra,UPI,Standard,6,2025-03
ORD-100945,2024-09-28,CUST-1692,Small Business,Home & Kitchen,Cookware Set,4,3836.57,15346.28,3427.84,Mumbai,Maharashtra,UPI,Express,2,2024-09
ORD-100946,2024-12-12,CUST-1698,Small Business,Beauty,Sunscreen Lotion,3,730.32,2190.96,541.38,Kolkata,West Bengal,Debit Card,Standard,8,2024-12
ORD-100947,2025-02-11,CUST-1839,Consumer,Accessories,Sunglasses,3,1232.41,3697.2300000000005,1040.64,Delhi,Delhi,Credit Card,Standard,7,2025-02
ORD-100948,2024-03-09,CUST-1273,Consumer,Beauty,Shampoo Combo,2,790.69,1581.38,488.56,Bengaluru,Karnataka,UPI,Express,3,2024-03
ORD-100949,2025-12-17,CUST-1260,Consumer,Grocery,Dry Fruit Box,3,1522.2,4566.6,378.7,Bengaluru,Karnataka,Debit Card,Standard,2,2025-12
ORD-100950,2025-06-28,CUST-1150,Consumer,Fashion,Running Shoes,1,3295.43,3295.43,623.61,Delhi,Delhi,Net Banking,Standard,6,2025-06
ORD-100951,2025-01-30,CUST-1857,Consumer,Home & Kitchen,Bedsheet Set,3,1870.22,5610.66,1131.89,Lucknow,Uttar Pradesh,UPI,Standard,6,2025-01
ORD-100952,2024-08-26,CUST-1606,Consumer,Fashion,Women's Kurti,1,1357.61,1357.61,358.07,Hyderabad,Telangana,Credit Card,Same Day,0,2024-08
ORD-100953,2024-04-25,CUST-1171,Consumer,Electronics,Smartphone,5,23422.71,117113.54999999999,15810.0,Hyderabad,Telangana,UPI,Standard,8,2024-04
ORD-100954,2024-01-03,CUST-1732,Consumer,Electronics,Bluetooth Speaker,1,3006.27,3006.27,374.99,Hyderabad,Telangana,UPI,Express,4,2024-01
ORD-100955,2025-01-27,CUST-1282,Consumer,Electronics,Wireless Earbuds,3,3362.99,10088.97,1740.89,Hyderabad,Telangana,Debit Card,Standard,8,2025-01
ORD-100956,2024-11-12,CUST-1378,Corporate,Grocery,Cooking Oil Can,1,1294.85,1294.85,153.66,Hyderabad,Telangana,UPI,Standard,7,2024-11
ORD-100957,2024-03-17,CUST-1888,Consumer,Fashion,Ethnic Saree,1,3171.9,3171.9,763.16,Mumbai,Maharashtra,UPI,Same Day,1,2024-03
ORD-100958,2024-01-02,CUST-1440,Consumer,Grocery,Cooking Oil Can,3,980.08,2940.2400000000002,358.1,Indore,Madhya Pradesh,UPI,Standard,4,2024-01
ORD-100959,2025-08-04,CUST-1541,Small Business,Home & Kitchen,Air Fryer,2,7749.08,15498.16,2198.43,Chennai,Tamil Nadu,Debit Card,Express,2,2025-08
ORD-100960,2024-02-01,CUST-1441,Small Business,Home & Kitchen,Storage Containers,1,941.02,941.02,140.5,Bengaluru,Karnataka,Debit Card,Standard,4,2024-02
ORD-100961,2024-07-10,CUST-1522,Consumer,Fashion,Ethnic Saree,1,2701.34,2701.34,809.51,Pune,Maharashtra,Net Banking,Same Day,1,2024-07
ORD-100962,2024-04-02,CUST-1962,Consumer,Home & Kitchen,Air Fryer,2,7165.33,14330.66,3354.62,Mumbai,Maharashtra,UPI,Standard,6,2024-04
ORD-100963,2024-12-08,CUST-1697,Consumer,Electronics,Smart Watch,2,5855.5,11711.0,1110.27,Kochi,Kerala,Credit Card,Same Day,1,2024-12
ORD-100964,2025-06-01,CUST-1224,Small Business,Grocery,Dry Fruit Box,1,1563.21,1563.21,182.62,Delhi,Delhi,Cash on Delivery,Express,4,2025-06
ORD-100965,2024-08-04,CUST-1091,Consumer,Fashion,Men's Casual Shirt,3,1149.56,3448.68,1099.66,Delhi,Delhi,Debit Card,Express,2,2024-08
ORD-100966,2025-12-06,CUST-1060,Corporate,Accessories,Travel Duffel Bag,1,2416.16,2416.16,701.59,Hyderabad,Telangana,Net Banking,Express,3,2025-12
ORD-100967,2025-08-11,CUST-1232,Small Business,Beauty,Face Serum,1,836.27,836.27,298.84,Bengaluru,Karnataka,Cash on Delivery,Standard,4,2025-08
ORD-100968,2024-02-14,CUST-1575,Corporate,Fashion,Ethnic Saree,1,2519.57,2519.57,564.25,Hyderabad,Telangana,Debit Card,Same Day,1,2024-02
ORD-100969,2025-06-18,CUST-1982,Consumer,Electronics,Bluetooth Speaker,2,2928.99,5857.98,829.36,Jaipur,Rajasthan,Debit Card,Express,4,2025-06
ORD-100970,2024-11-14,CUST-1701,Consumer,Accessories,Sunglasses,3,1385.42,4156.26,869.7,Hyderabad,Telangana,Unknown,Standard,8,2024-11
ORD-100971,2025-06-20,CUST-1602,Consumer,Fashion,Running Shoes,3,3554.18,10662.539999999999,3290.2,Delhi,Delhi,Net Banking,Standard,7,2025-06
ORD-100972,2025-05-30,CUST-1338,Consumer,Accessories,Leather Wallet,1,868.52,868.52,256.79,Kochi,Kerala,UPI,Standard,5,2025-05
ORD-100973,2025-02-06,CUST-1109,Consumer,Fashion,Running Shoes,1,3371.41,3371.41,778.77,Kolkata,West Bengal,Credit Card,Standard,8,2025-02
ORD-100974,2025-09-06,CUST-1721,Small Business,Fashion,Men's Casual Shirt,1,1338.69,1338.69,427.78,Kolkata,West Bengal,Debit Card,Express,3,2025-09
ORD-100975,2024-01-25,CUST-1186,Consumer,Electronics,Bluetooth Speaker,1,2950.85,2950.85,509.74,Hyderabad,Telangana,UPI,Same Day,0,2024-01
ORD-100976,2024-03-01,CUST-1450,Consumer,Grocery,Snack Combo,1,392.27,392.27,34.12,Mumbai,Maharashtra,Credit Card,Same Day,1,2024-03
ORD-100977,2025-05-19,CUST-1049,Consumer,Electronics,Wireless Earbuds,1,3514.08,3514.08,376.76,Bengaluru,Karnataka,UPI,Express,2,2025-05
ORD-100978,2024-11-07,CUST-1065,Consumer,Accessories,Travel Duffel Bag,3,2501.84,7505.52,2123.76,Hyderabad,Telangana,UPI,Standard,8,2024-11
ORD-100979,2025-10-31,CUST-1397,Consumer,Home & Kitchen,Mixer Grinder,1,5215.22,5215.22,954.91,Kochi,Kerala,UPI,Standard,5,2025-10
ORD-100980,2024-01-14,CUST-1490,Consumer,Accessories,Travel Duffel Bag,2,2379.31,4758.62,1239.14,Kochi,Kerala,Debit Card,Standard,4,2024-01
ORD-100981,2025-08-06,CUST-1008,Consumer,Electronics,Bluetooth Speaker,3,2704.5,8113.5,1240.55,Kolkata,West Bengal,Credit Card,Express,3,2025-08
ORD-100982,2025-01-23,CUST-1224,Corporate,Grocery,Basmati Rice Pack,1,1008.04,1008.04,107.43,Chennai,Tamil Nadu,UPI,Express,4,2025-01
ORD-100983,2024-02-02,CUST-1248,Consumer,Grocery,Basmati Rice Pack,2,1166.09,2332.18,258.82,Bengaluru,Karnataka,Cash on Delivery,Standard,7,2024-02
ORD-100984,2024-08-13,CUST-1331,Corporate,Electronics,Laptop,3,61048.16,183144.48,16590.06,Delhi,Delhi,Cash on Delivery,Express,4,2024-08
ORD-100985,2025-03-09,CUST-1533,Consumer,Electronics,Smart Watch,1,6439.34,6439.34,713.38,Ahmedabad,Gujarat,UPI,Express,3,2025-03
ORD-100986,2024-05-09,CUST-1069,Consumer,Accessories,Laptop Backpack,1,1707.78,1707.78,316.5,Kolkata,West Bengal,Cash on Delivery,Standard,5,2024-05
ORD-100987,2025-05-15,CUST-1582,Corporate,Grocery,Snack Combo,3,375.27,1125.81,86.59,Pune,Maharashtra,Debit Card,Standard,4,2025-05
ORD-100988,2025-06-13,CUST-1520,Small Business,Home & Kitchen,Mixer Grinder,1,3755.2,3755.2,632.23,Mumbai,Maharashtra,Credit Card,Standard,8,2025-06
ORD-100989,2024-11-14,CUST-1640,Small Business,Electronics,Smart Watch,4,8161.34,32645.36,5862.73,Mumbai,Maharashtra,Net Banking,Standard,6,2024-11
ORD-100990,2024-03-31,CUST-1717,Consumer,Electronics,Bluetooth Speaker,1,2846.02,2846.02,327.54,Bengaluru,Karnataka,UPI,Standard,6,2024-03
ORD-100991,2025-10-11,CUST-1249,Consumer,Home & Kitchen,Mixer Grinder,1,4431.65,4431.65,736.9,Bengaluru,Karnataka,UPI,Express,4,2025-10
ORD-100992,2025-03-03,CUST-1364,Consumer,Grocery,Cooking Oil Can,1,848.51,848.51,74.29,Chennai,Tamil Nadu,Credit Card,Standard,7,2025-03
ORD-100993,2024-03-13,CUST-1596,Corporate,Home & Kitchen,Cookware Set,2,3718.73,7437.46,1650.49,Bengaluru,Karnataka,Credit Card,Standard,8,2024-03
ORD-100994,2025-07-08,CUST-1415,Consumer,Electronics,Smartphone,3,19771.99,59315.97,7404.94,Hyderabad,Telangana,UPI,Standard,8,2025-07
ORD-100995,2024-02-11,CUST-1451,Small Business,Grocery,Tea Powder Pack,1,484.25,484.25,43.07,Delhi,Delhi,UPI,Standard,6,2024-02
ORD-100996,2024-07-12,CUST-1302,Small Business,Electronics,Wireless Earbuds,3,3636.2,10908.599999999999,1319.3,Pune,Maharashtra,UPI,Standard,7,2024-07
ORD-100997,2024-12-17,CUST-1757,Consumer,Grocery,Cooking Oil Can,4,983.58,3934.32,397.6,Kochi,Kerala,UPI,Standard,7,2024-12
ORD-100998,2025-12-29,CUST-1910,Consumer,Beauty,Sunscreen Lotion,1,681.34,681.34,182.22,Kochi,Kerala,UPI,Same Day,0,2025-12
ORD-100999,2024-07-26,CUST-1797,Corporate,Home & Kitchen,Cookware Set,4,3114.04,12456.16,2799.75,Hyderabad,Telangana,Cash on Delivery,Standard,6,2024-07
ORD-101000,2025-04-09,CUST-1577,Consumer,Home & Kitchen,Bedsheet Set,1,1942.9,1942.9,440.28,Chennai,Tamil Nadu,Cash on Delivery,Standard,5,2025-04
ORD-101001,2025-01-26,CUST-1520,Consumer,Fashion,Ethnic Saree,5,2513.85,12569.25,2755.81,Ahmedabad,Gujarat,UPI,Same Day,1,2025-01
ORD-101002,2025-01-15,CUST-1272,Consumer,Beauty,Shampoo Combo,2,792.94,1585.88,402.07,Hyderabad,Telangana,UPI,Standard,6,2025-01
ORD-101003,2024-09-28,CUST-1225,Corporate,Grocery,Basmati Rice Pack,2,1354.31,2708.62,227.74,Indore,Madhya Pradesh,Credit Card,Standard,4,2024-09
ORD-101004,2025-10-23,CUST-1325,Consumer,Electronics,Smartphone,2,23731.46,47462.92,8287.65,Bengaluru,Karnataka,UPI,Standard,4,2025-10
ORD-101005,2024-06-29,CUST-1708,Consumer,Accessories,Leather Wallet,1,1020.27,1020.27,170.19,Ahmedabad,Gujarat,Debit Card,Standard,5,2024-06
ORD-101006,2025-03-31,CUST-1834,Consumer,Grocery,Cooking Oil Can,2,871.13,1742.26,105.01,Hyderabad,Telangana,UPI,Standard,4,2025-03
ORD-101007,2025-01-11,CUST-1678,Corporate,Home & Kitchen,Mixer Grinder,1,4306.51,4306.51,1078.75,Kochi,Kerala,UPI,Standard,5,2025-01
ORD-101008,2025-08-10,CUST-1387,Consumer,Fashion,Ethnic Saree,2,2560.76,5121.52,1469.0,Mumbai,Maharashtra,UPI,Same Day,0,2025-08
ORD-101009,2024-01-28,CUST-1173,Consumer,Electronics,Laptop,2,54068.55,108137.1,16800.49,Hyderabad,Telangana,Debit Card,Standard,5,2024-01
ORD-101010,2024-07-13,CUST-1232,Consumer,Grocery,Cooking Oil Can,4,996.5,3986.0,503.29,Kolkata,West Bengal,UPI,Standard,6,2024-07
ORD-101011,2024-04-03,CUST-1101,Consumer,Fashion,Men's Casual Shirt,4,1241.21,4964.84,1249.17,Delhi,Delhi,UPI,Express,3,2024-04
ORD-101012,2025-07-20,CUST-1546,Corporate,Fashion,Running Shoes,1,3678.62,3678.62,987.7,Pune,Maharashtra,Debit Card,Express,4,2025-07
ORD-101013,2024-09-25,CUST-1259,Small Business,Home & Kitchen,Bedsheet Set,1,1993.9,1993.9,444.44,Delhi,Delhi,UPI,Standard,4,2024-09
ORD-101014,2025-11-11,CUST-1671,Consumer,Accessories,Travel Duffel Bag,5,2992.78,14963.900000000001,4255.43,Hyderabad,Telangana,UPI,Same Day,1,2025-11
ORD-101015,2024-09-07,CUST-1790,Consumer,Grocery,Tea Powder Pack,1,563.59,563.59,38.53,Lucknow,Uttar Pradesh,Credit Card,Standard,6,2024-09
ORD-101016,2025-01-29,CUST-1809,Consumer,Electronics,Smartphone,1,23432.37,23432.37,3181.76,Hyderabad,Telangana,UPI,Standard,6,2025-01
ORD-101017,2025-10-03,CUST-1590,Corporate,Fashion,Men's Casual Shirt,2,1392.1,2784.2,781.95,Jaipur,Rajasthan,Credit Card,Standard,4,2025-10
ORD-101018,2025-05-23,CUST-1098,Consumer,Electronics,Wireless Earbuds,1,3261.17,3261.17,433.55,Delhi,Delhi,Debit Card,Standard,8,2025-05
ORD-101019,2025-08-08,CUST-1168,Consumer,Electronics,Smartphone,1,23773.35,23773.35,4077.95,Kochi,Kerala,Cash on Delivery,Same Day,0,2025-08
ORD-101020,2024-07-08,CUST-1242,Corporate,Electronics,Smart Watch,1,6906.7,6906.7,1041.15,Indore,Madhya Pradesh,Net Banking,Standard,8,2024-07
ORD-101021,2025-12-16,CUST-1186,Consumer,Accessories,Travel Duffel Bag,2,2248.43,4496.86,1042.14,Lucknow,Uttar Pradesh,UPI,Express,4,2025-12
ORD-101022,2024-01-25,CUST-1991,Consumer,Electronics,Smart Watch,3,6605.05,19815.15,2457.72,Bengaluru,Karnataka,UPI,Express,2,2024-01
ORD-101023,2024-10-31,CUST-1033,Consumer,Fashion,Denim Jeans,2,2592.15,5184.3,1575.37,Chennai,Tamil Nadu,UPI,Express,3,2024-10
ORD-101024,2024-02-08,CUST-1228,Consumer,Fashion,Women's Kurti,2,1482.17,2964.34,710.63,Delhi,Delhi,UPI,Standard,6,2024-02
ORD-101025,2024-07-02,CUST-1626,Consumer,Fashion,Denim Jeans,1,1912.75,1912.75,468.19,Ahmedabad,Gujarat,Net Banking,Standard,6,2024-07
ORD-101026,2024-12-04,CUST-1771,Consumer,Fashion,Denim Jeans,3,2362.3,7086.900000000001,1565.51,Hyderabad,Telangana,Cash on Delivery,Standard,4,2024-12
ORD-101027,2025-04-06,CUST-1512,Consumer,Accessories,Leather Wallet,1,936.88,936.88,241.66,Mumbai,Maharashtra,Credit Card,Standard,5,2025-04
ORD-101028,2025-11-16,CUST-1062,Corporate,Home & Kitchen,Cookware Set,3,4377.44,13132.32,3310.01,Indore,Madhya Pradesh,UPI,Same Day,0,2025-11
ORD-101029,2024-11-04,CUST-1010,Consumer,Home & Kitchen,Mixer Grinder,4,5080.89,20323.56,4758.24,Delhi,Delhi,UPI,Express,2,2024-11
ORD-101030,2024-03-06,CUST-1885,Consumer,Fashion,Running Shoes,1,3363.4,3363.4,992.92,Mumbai,Maharashtra,Debit Card,Standard,7,2024-03
ORD-101031,2025-10-05,CUST-1193,Consumer,Fashion,Running Shoes,2,3821.23,7642.46,2381.31,Pune,Maharashtra,UPI,Standard,6,2025-10
ORD-101032,2025-07-09,CUST-1468,Consumer,Fashion,Men's Casual Shirt,2,1072.15,2144.3,653.23,Bengaluru,Karnataka,UPI,Standard,5,2025-07
ORD-101033,2024-08-25,CUST-1727,Corporate,Electronics,Smartphone,2,23759.51,47519.02,6054.48,Bengaluru,Karnataka,UPI,Standard,8,2024-08
ORD-101034,2024-02-21,CUST-1059,Consumer,Grocery,Tea Powder Pack,1,497.39,497.39,32.41,Ahmedabad,Gujarat,Credit Card,Same Day,1,2024-02
ORD-101035,2024-06-16,CUST-1136,Consumer,Grocery,Dry Fruit Box,1,1451.16,1451.16,126.17,Kochi,Kerala,UPI,Same Day,0,2024-06
ORD-101036,2024-05-17,CUST-1802,Consumer,Grocery,Basmati Rice Pack,1,1144.67,1144.67,86.74,Hyderabad,Telangana,Net Banking,Standard,4,2024-05
ORD-101037,2025-05-04,CUST-1835,Consumer,Electronics,Laptop,2,56681.35,113362.7,18505.87,Hyderabad,Telangana,UPI,Standard,5,2025-05
ORD-101038,2025-07-07,CUST-1299,Consumer,Electronics,Bluetooth Speaker,1,2517.39,2517.39,446.83,Bengaluru,Karnataka,UPI,Express,4,2025-07
ORD-101039,2024-09-22,CUST-1947,Consumer,Fashion,Denim Jeans,2,2559.8,5119.6,1608.49,Kochi,Kerala,UPI,Express,2,2024-09
ORD-101040,2025-03-27,CUST-1394,Consumer,Beauty,Hair Dryer,1,1925.53,1925.53,440.89,Chennai,Tamil Nadu,Credit Card,Express,4,2025-03
ORD-101041,2024-05-30,CUST-1989,Consumer,Beauty,Shampoo Combo,4,812.74,3250.96,749.94,Ahmedabad,Gujarat,UPI,Standard,4,2024-05
ORD-101042,2025-09-20,CUST-1360,Consumer,Fashion,Ethnic Saree,1,3755.24,3755.24,714.81,Delhi,Delhi,Net Banking,Express,4,2025-09
ORD-101043,2024-11-21,CUST-1167,Consumer,Home & Kitchen,Bedsheet Set,3,2402.82,7208.460000000001,1161.0,Hyderabad,Telangana,Cash on Delivery,Standard,8,2024-11
ORD-101044,2025-01-20,CUST-1999,Consumer,Electronics,Smartphone,2,23580.21,47160.42,5350.85,Mumbai,Maharashtra,UPI,Standard,8,2025-01
ORD-101045,2025-06-15,CUST-1073,Consumer,Grocery,Basmati Rice Pack,2,1152.56,2305.12,140.21,Mumbai,Maharashtra,Cash on Delivery,Express,4,2025-06
ORD-101046,2025-09-30,CUST-1326,Corporate,Electronics,Laptop,3,63708.37,191125.11000000002,24548.58,Chennai,Tamil Nadu,UPI,Standard,7,2025-09
ORD-101047,2024-03-23,CUST-1330,Small Business,Fashion,Women's Kurti,4,1466.7,5866.8,1720.93,Bengaluru,Karnataka,Net Banking,Standard,6,2024-03
ORD-101048,2025-08-28,CUST-1680,Corporate,Beauty,Hair Dryer,1,1965.76,1965.76,559.96,Bengaluru,Karnataka,UPI,Standard,8,2025-08
ORD-101049,2024-09-22,CUST-1721,Corporate,Fashion,Men's Casual Shirt,2,1256.81,2513.62,571.97,Mumbai,Maharashtra,UPI,Express,3,2024-09
ORD-101050,2024-04-06,CUST-1548,Consumer,Beauty,Hair Dryer,4,1671.14,6684.56,2323.8,Lucknow,Uttar Pradesh,UPI,Standard,7,2024-04
ORD-101051,2024-04-22,CUST-1452,Consumer,Grocery,Basmati Rice Pack,2,1048.74,2097.48,266.32,Ahmedabad,Gujarat,Credit Card,Standard,7,2024-04
ORD-101052,2025-02-01,CUST-1732,Small Business,Grocery,Snack Combo,2,335.61,671.22,63.65,Mumbai,Maharashtra,Cash on Delivery,Standard,5,2025-02
ORD-101053,2024-11-08,CUST-1092,Consumer,Electronics,Bluetooth Speaker,2,2949.59,5899.18,617.52,Hyderabad,Telangana,Credit Card,Standard,8,2024-11
ORD-101054,2025-08-31,CUST-1021,Corporate,Electronics,Laptop,5,55549.61,277748.05,42261.84,Pune,Maharashtra,Debit Card,Standard,7,2025-08
ORD-101055,2024-07-20,CUST-1563,Corporate,Beauty,Face Serum,3,979.44,2938.32,648.01,Bengaluru,Karnataka,Net Banking,Standard,5,2024-07
ORD-101056,2025-09-22,CUST-1864,Consumer,Home & Kitchen,Cookware Set,1,4534.49,4534.49,880.29,Kochi,Kerala,Cash on Delivery,Express,2,2025-09
ORD-101057,2025-01-29,CUST-1407,Consumer,Grocery,Snack Combo,2,394.51,789.02,79.26,Pune,Maharashtra,UPI,Express,3,2025-01
ORD-101058,2024-03-17,CUST-1472,Corporate,Home & Kitchen,Mixer Grinder,1,4476.66,4476.66,747.93,Bengaluru,Karnataka,Debit Card,Standard,5,2024-03
ORD-101059,2025-12-18,CUST-1876,Corporate,Electronics,Laptop,1,66511.32,66511.32,8872.95,Mumbai,Maharashtra,UPI,Standard,4,2025-12
ORD-101060,2025-09-13,CUST-1358,Corporate,Grocery,Snack Combo,1,410.82,410.82,38.42,Bengaluru,Karnataka,UPI,Express,4,2025-09
ORD-101061,2025-01-20,CUST-1351,Consumer,Beauty,Hair Dryer,1,2064.48,2064.48,705.6,Kolkata,West Bengal,Credit Card,Standard,5,2025-01
ORD-101062,2024-11-01,CUST-1587,Consumer,Beauty,Face Serum,4,1168.32,4673.28,1121.5,Ahmedabad,Gujarat,Credit Card,Same Day,1,2024-11
ORD-101063,2025-04-13,CUST-1115,Consumer,Home & Kitchen,Storage Containers,1,963.29,963.29,206.28,Jaipur,Rajasthan,UPI,Standard,8,2025-04
ORD-101064,2024-12-17,CUST-1678,Corporate,Grocery,Snack Combo,1,379.84,379.84,40.55,Kochi,Kerala,Cash on Delivery,Standard,4,2024-12
ORD-101065,2024-05-01,CUST-1547,Corporate,Grocery,Dry Fruit Box,3,1618.74,4856.22,403.99,Indore,Madhya Pradesh,UPI,Standard,8,2024-05
ORD-101066,2025-07-06,CUST-1566,Consumer,Electronics,Bluetooth Speaker,2,2612.92,5225.84,783.43,Bengaluru,Karnataka,Net Banking,Standard,7,2025-07
ORD-101067,2025-04-02,CUST-1017,Small Business,Electronics,Bluetooth Speaker,3,3181.52,9544.56,899.59,Kochi,Kerala,Net Banking,Standard,8,2025-04
ORD-101068,2025-08-01,CUST-1543,Consumer,Fashion,Men's Casual Shirt,1,1203.26,1203.26,358.88,Chennai,Tamil Nadu,UPI,Standard,4,2025-08
ORD-101069,2025-10-08,CUST-1495,Consumer,Beauty,Face Serum,3,1120.73,3362.19,1172.23,Bengaluru,Karnataka,UPI,Standard,8,2025-10
ORD-101070,2025-01-18,CUST-1786,Consumer,Fashion,Denim Jeans,1,2400.72,2400.72,696.77,Jaipur,Rajasthan,Net Banking,Express,3,2025-01
ORD-101071,2024-08-29,CUST-1615,Consumer,Electronics,Smart Watch,1,6876.07,6876.07,1027.23,Bengaluru,Karnataka,UPI,Standard,6,2024-08
ORD-101072,2024-11-16,CUST-1403,Consumer,Grocery,Cooking Oil Can,1,1247.14,1247.14,91.41,Chennai,Tamil Nadu,UPI,Express,2,2024-11
ORD-101073,2025-04-28,CUST-1729,Corporate,Electronics,Smartphone,1,24157.41,24157.41,2485.48,Kochi,Kerala,Credit Card,Express,3,2025-04
ORD-101074,2024-06-23,CUST-1938,Consumer,Electronics,Smart Watch,2,6350.22,12700.44,1957.8,Kolkata,West Bengal,Unknown,Standard,4,2024-06
ORD-101075,2024-09-21,CUST-1121,Consumer,Electronics,Wireless Earbuds,1,3989.71,3989.71,528.42,Pune,Maharashtra,UPI,Standard,6,2024-09
ORD-101076,2024-09-23,CUST-1245,Corporate,Grocery,Snack Combo,1,467.67,467.67,36.38,Delhi,Delhi,Credit Card,Standard,4,2024-09
ORD-101077,2024-02-08,CUST-1188,Consumer,Home & Kitchen,Cookware Set,2,3575.91,7151.82,1479.12,Delhi,Delhi,UPI,Standard,6,2024-02
ORD-101078,2025-02-22,CUST-1702,Consumer,Electronics,Laptop,1,61772.92,61772.92,10710.95,Kolkata,West Bengal,UPI,Standard,4,2025-02
ORD-101079,2025-05-05,CUST-1909,Consumer,Grocery,Tea Powder Pack,1,443.74,443.74,37.64,Bengaluru,Karnataka,Debit Card,Standard,8,2025-05
ORD-101080,2025-08-24,CUST-1167,Consumer,Fashion,Running Shoes,2,3524.11,7048.22,1379.36,Bengaluru,Karnataka,UPI,Standard,5,2025-08
ORD-101081,2024-10-21,CUST-1448,Consumer,Home & Kitchen,Storage Containers,1,1022.22,1022.22,238.36,Mumbai,Maharashtra,Cash on Delivery,Express,4,2024-10
ORD-101082,2025-12-28,CUST-1839,Consumer,Fashion,Denim Jeans,2,2291.49,4582.98,1157.49,Mumbai,Maharashtra,Credit Card,Express,4,2025-12
ORD-101083,2025-04-07,CUST-1508,Corporate,Electronics,Smart Watch,4,6561.06,26244.24,4549.72,Kochi,Kerala,UPI,Standard,6,2025-04
ORD-101084,2024-07-05,CUST-1281,Small Business,Accessories,Travel Duffel Bag,3,2540.87,7622.61,1307.04,Bengaluru,Karnataka,UPI,Standard,7,2024-07
ORD-101085,2025-09-24,CUST-1946,Consumer,Electronics,Smartphone,2,29142.97,58285.94,9671.61,Ahmedabad,Gujarat,UPI,Standard,5,2025-09
ORD-101086,2025-11-03,CUST-1124,Consumer,Grocery,Dry Fruit Box,1,1687.16,1687.16,205.0,Bengaluru,Karnataka,Debit Card,Standard,7,2025-11
ORD-101087,2025-06-29,CUST-1876,Consumer,Electronics,Bluetooth Speaker,1,2913.63,2913.63,386.6,Indore,Madhya Pradesh,UPI,Standard,8,2025-06
ORD-101088,2024-11-02,CUST-1222,Corporate,Fashion,Men's Casual Shirt,1,1428.87,1428.87,438.39,Lucknow,Uttar Pradesh,Credit Card,Express,3,2024-11
ORD-101089,2024-12-27,CUST-1461,Corporate,Home & Kitchen,Storage Containers,1,947.91,947.91,194.65,Hyderabad,Telangana,UPI,Standard,6,2024-12
ORD-101090,2024-09-02,CUST-1482,Consumer,Fashion,Denim Jeans,2,2574.81,5149.62,1496.37,Jaipur,Rajasthan,Credit Card,Standard,5,2024-09
ORD-101091,2025-10-27,CUST-1914,Consumer,Grocery,Snack Combo,1,363.98,363.98,29.26,Pune,Maharashtra,Net Banking,Express,2,2025-10
ORD-101092,2024-07-28,CUST-1138,Consumer,Home & Kitchen,Bedsheet Set,1,2023.58,2023.58,484.42,Pune,Maharashtra,UPI,Standard,8,2024-07
ORD-101093,2025-03-08,CUST-1589,Consumer,Fashion,Denim Jeans,1,2352.04,2352.04,510.07,Delhi,Delhi,Debit Card,Standard,6,2025-03
ORD-101094,2025-11-06,CUST-1772,Small Business,Fashion,Denim Jeans,4,2615.47,10461.88,1888.4,Hyderabad,Telangana,UPI,Standard,7,2025-11
ORD-101095,2025-04-09,CUST-1794,Corporate,Beauty,Sunscreen Lotion,1,661.35,661.35,235.11,Chennai,Tamil Nadu,Cash on Delivery,Same Day,1,2025-04
ORD-101096,2025-06-19,CUST-1014,Corporate,Electronics,Bluetooth Speaker,4,2861.69,11446.76,1241.96,Pune,Maharashtra,UPI,Standard,6,2025-06
ORD-101097,2024-04-25,CUST-1069,Corporate,Beauty,Shampoo Combo,4,782.2,3128.8,698.49,Bengaluru,Karnataka,UPI,Standard,5,2024-04
ORD-101098,2025-10-30,CUST-1163,Consumer,Grocery,Basmati Rice Pack,1,1310.09,1310.09,150.94,Pune,Maharashtra,Net Banking,Express,2,2025-10
ORD-101099,2024-03-01,CUST-1762,Consumer,Fashion,Ethnic Saree,2,3024.24,6048.48,1897.2,Pune,Maharashtra,UPI,Standard,8,2024-03
ORD-101100,2024-06-30,CUST-1110,Consumer,Accessories,Sunglasses,1,1505.04,1505.04,387.01,Hyderabad,Telangana,Credit Card,Express,3,2024-06
ORD-101101,2025-03-17,CUST-1798,Corporate,Electronics,Wireless Earbuds,1,3453.85,3453.85,326.47,Mumbai,Maharashtra,UPI,Same Day,1,2025-03
ORD-101102,2025-01-04,CUST-1026,Corporate,Grocery,Cooking Oil Can,1,1090.94,1090.94,68.08,Bengaluru,Karnataka,UPI,Standard,6,2025-01
ORD-101103,2024-02-05,CUST-1190,Consumer,Home & Kitchen,Cookware Set,2,3248.23,6496.46,1543.3,Ahmedabad,Gujarat,Cash on Delivery,Standard,7,2024-02
ORD-101104,2024-04-24,CUST-1777,Consumer,Fashion,Running Shoes,5,2915.42,14577.1,4272.32,Ahmedabad,Gujarat,Cash on Delivery,Standard,4,2024-04
ORD-101105,2024-05-27,CUST-1312,Corporate,Accessories,Phone Case,1,446.06,446.06,130.97,Hyderabad,Telangana,UPI,Same Day,1,2024-05
ORD-101106,2024-01-24,CUST-1993,Small Business,Grocery,Cooking Oil Can,1,884.58,884.58,86.36,Mumbai,Maharashtra,UPI,Standard,6,2024-01
ORD-101107,2024-12-25,CUST-1775,Corporate,Accessories,Leather Wallet,1,801.34,801.34,231.67,Pune,Maharashtra,Debit Card,Standard,7,2024-12
ORD-101108,2025-07-23,CUST-1265,Consumer,Grocery,Tea Powder Pack,1,506.73,506.73,70.91,Hyderabad,Telangana,Debit Card,Standard,6,2025-07
ORD-101109,2025-08-01,CUST-1622,Small Business,Fashion,Ethnic Saree,1,2489.5,2489.5,743.1,Indore,Madhya Pradesh,Credit Card,Express,2,2025-08
ORD-101110,2024-10-12,CUST-1151,Corporate,Grocery,Dry Fruit Box,2,1689.6,3379.2,263.31,Indore,Madhya Pradesh,UPI,Standard,6,2024-10
ORD-101111,2025-05-18,CUST-1254,Corporate,Electronics,Bluetooth Speaker,2,3046.15,6092.3,1023.26,Hyderabad,Telangana,Debit Card,Standard,8,2025-05
ORD-101112,2024-04-23,CUST-1581,Corporate,Accessories,Sunglasses,2,1145.22,2290.44,496.72,Hyderabad,Telangana,Credit Card,Standard,8,2024-04
ORD-101113,2024-07-25,CUST-1307,Consumer,Grocery,Cooking Oil Can,4,1033.42,4133.68,492.74,Kolkata,West Bengal,Cash on Delivery,Standard,8,2024-07
ORD-101114,2024-09-21,CUST-1975,Consumer,Electronics,Smart Watch,1,6836.86,6836.86,629.51,Delhi,Delhi,Net Banking,Standard,4,2024-09
ORD-101115,2025-11-09,CUST-1070,Consumer,Home & Kitchen,Mixer Grinder,2,5257.39,10514.78,1650.64,Mumbai,Maharashtra,UPI,Standard,6,2025-11
ORD-101116,2025-04-02,CUST-1563,Consumer,Electronics,Laptop,1,66361.62,66361.62,9599.13,Delhi,Delhi,Cash on Delivery,Standard,4,2025-04
ORD-101117,2025-07-06,CUST-1543,Consumer,Beauty,Hair Dryer,4,1931.11,7724.44,2182.49,Kolkata,West Bengal,Cash on Delivery,Standard,7,2025-07
ORD-101118,2025-04-23,CUST-1634,Consumer,Home & Kitchen,Bedsheet Set,1,2044.02,2044.02,362.59,Lucknow,Uttar Pradesh,Debit Card,Standard,6,2025-04
ORD-101119,2024-04-19,CUST-1062,Consumer,Accessories,Travel Duffel Bag,2,2573.41,5146.82,836.39,Kolkata,West Bengal,UPI,Express,2,2024-04
ORD-101120,2024-02-25,CUST-1070,Consumer,Electronics,Laptop,1,60159.7,60159.7,8242.69,Delhi,Delhi,UPI,Same Day,1,2024-02
ORD-101121,2025-01-18,CUST-1993,Small Business,Beauty,Sunscreen Lotion,1,705.85,705.85,231.57,Kochi,Kerala,Debit Card,Standard,7,2025-01
ORD-101122,2024-08-12,CUST-1503,Corporate,Grocery,Tea Powder Pack,4,433.78,1735.12,105.06,Delhi,Delhi,UPI,Express,4,2024-08
ORD-101123,2025-02-23,CUST-1867,Consumer,Fashion,Denim Jeans,2,1943.95,3887.9,755.1,Bengaluru,Karnataka,Cash on Delivery,Standard,4,2025-02
ORD-101124,2024-05-13,CUST-1478,Corporate,Accessories,Sunglasses,1,1171.88,1171.88,271.28,Kochi,Kerala,Debit Card,Express,3,2024-05
ORD-101125,2024-02-07,CUST-1054,Consumer,Home & Kitchen,Cookware Set,1,3994.0,3994.0,830.25,Mumbai,Maharashtra,UPI,Standard,6,2024-02
ORD-101126,2024-04-23,CUST-1820,Consumer,Beauty,Makeup Kit,1,2143.15,2143.15,696.89,Chennai,Tamil Nadu,Cash on Delivery,Express,3,2024-04
ORD-101127,2025-09-19,CUST-1741,Consumer,Beauty,Face Serum,2,1047.86,2095.72,461.8,Kolkata,West Bengal,Credit Card,Standard,8,2025-09
ORD-101128,2025-02-18,CUST-1084,Corporate,Home & Kitchen,Air Fryer,1,8755.72,8755.72,2083.75,Chennai,Tamil Nadu,UPI,Express,2,2025-02
ORD-101129,2024-02-22,CUST-1207,Consumer,Grocery,Basmati Rice Pack,1,1197.14,1197.14,81.45,Kolkata,West Bengal,Net Banking,Express,2,2024-02
ORD-101130,2025-08-29,CUST-1768,Corporate,Electronics,Smart Watch,2,7380.6,14761.2,1394.27,Delhi,Delhi,Debit Card,Standard,4,2025-08
ORD-101131,2025-07-22,CUST-1100,Consumer,Home & Kitchen,Air Fryer,1,8568.99,8568.99,1598.58,Ahmedabad,Gujarat,UPI,Express,2,2025-07
ORD-101132,2024-12-02,CUST-1535,Corporate,Accessories,Sunglasses,4,1479.34,5917.36,1084.01,Jaipur,Rajasthan,Credit Card,Standard,7,2024-12
ORD-101133,2024-08-20,CUST-1257,Consumer,Grocery,Snack Combo,2,400.66,801.32,87.54,Ahmedabad,Gujarat,Debit Card,Standard,5,2024-08
ORD-101134,2024-08-20,CUST-1476,Small Business,Home & Kitchen,Air Fryer,1,8782.22,8782.22,2181.09,Mumbai,Maharashtra,Credit Card,Express,3,2024-08
ORD-101135,2024-10-27,CUST-1564,Consumer,Electronics,Wireless Earbuds,1,4522.55,4522.55,493.84,Kolkata,West Bengal,Credit Card,Express,4,2024-10
ORD-101136,2025-03-29,CUST-1056,Corporate,Fashion,Denim Jeans,2,2057.63,4115.26,1138.33,Bengaluru,Karnataka,Cash on Delivery,Express,2,2025-03
ORD-101137,2024-01-05,CUST-1634,Consumer,Grocery,Cooking Oil Can,2,838.57,1677.14,170.76,Delhi,Delhi,UPI,Express,2,2024-01
ORD-101138,2025-05-30,CUST-1377,Small Business,Electronics,Smart Watch,1,5762.92,5762.92,675.0,Lucknow,Uttar Pradesh,UPI,Express,2,2025-05
ORD-101139,2025-12-16,CUST-1901,Corporate,Beauty,Shampoo Combo,1,863.69,863.69,294.3,Indore,Madhya Pradesh,Cash on Delivery,Standard,6,2025-12
ORD-101140,2025-08-22,CUST-1337,Corporate,Fashion,Women's Kurti,3,1679.32,5037.96,1240.06,Chennai,Tamil Nadu,UPI,Standard,4,2025-08
ORD-101141,2024-04-10,CUST-1805,Consumer,Home & Kitchen,Storage Containers,1,857.42,857.42,124.73,Chennai,Tamil Nadu,Debit Card,Express,2,2024-04
ORD-101142,2025-03-08,CUST-1544,Small Business,Grocery,Dry Fruit Box,3,1415.68,4247.04,275.6,Ahmedabad,Gujarat,Debit Card,Standard,7,2025-03
ORD-101143,2025-05-13,CUST-1392,Consumer,Home & Kitchen,Mixer Grinder,1,4846.95,4846.95,1195.45,Hyderabad,Telangana,Credit Card,Express,4,2025-05
ORD-101144,2025-02-16,CUST-1147,Consumer,Fashion,Denim Jeans,5,2373.38,11866.900000000001,2993.63,Kolkata,West Bengal,UPI,Standard,7,2025-02
ORD-101145,2024-08-01,CUST-1416,Small Business,Grocery,Cooking Oil Can,3,1093.19,3279.57,253.94,Kochi,Kerala,Debit Card,Express,4,2024-08
ORD-101146,2025-06-19,CUST-1485,Consumer,Grocery,Snack Combo,5,365.95,1829.75,144.23,Kochi,Kerala,UPI,Express,4,2025-06
ORD-101147,2025-04-05,CUST-1352,Consumer,Electronics,Wireless Earbuds,1,3332.22,3332.22,302.55,Pune,Maharashtra,UPI,Standard,7,2025-04
ORD-101148,2025-06-23,CUST-1493,Consumer,Electronics,Smartphone,1,24565.68,24565.68,3265.2,Hyderabad,Telangana,Debit Card,Express,4,2025-06
ORD-101149,2025-05-16,CUST-1590,Consumer,Grocery,Dry Fruit Box,1,1279.31,1279.31,139.88,Kolkata,West Bengal,UPI,Standard,6,2025-05
ORD-101150,2025-08-15,CUST-1188,Corporate,Electronics,Smartphone,1,22960.61,22960.61,3732.99,Jaipur,Rajasthan,UPI,Express,2,2025-08
ORD-101151,2024-01-26,CUST-1963,Consumer,Grocery,Basmati Rice Pack,4,1106.78,4427.12,294.1,Delhi,Delhi,Credit Card,Standard,4,2024-01
ORD-101152,2024-07-06,CUST-1552,Consumer,Electronics,Laptop,1,55581.73,55581.73,7891.58,Jaipur,Rajasthan,Credit Card,Standard,5,2024-07
ORD-101153,2024-06-09,CUST-1553,Small Business,Beauty,Sunscreen Lotion,4,684.07,2736.28,869.71,Hyderabad,Telangana,UPI,Standard,5,2024-06
ORD-101154,2025-10-29,CUST-1566,Corporate,Home & Kitchen,Air Fryer,1,10612.06,10612.06,1645.43,Hyderabad,Telangana,UPI,Standard,5,2025-10
ORD-101155,2025-10-03,CUST-1045,Consumer,Electronics,Laptop,2,60675.52,121351.04,18815.57,Hyderabad,Telangana,Debit Card,Same Day,0,2025-10
ORD-101156,2024-06-24,CUST-1598,Consumer,Accessories,Travel Duffel Bag,2,2223.49,4446.98,859.81,Indore,Madhya Pradesh,Cash on Delivery,Standard,6,2024-06
ORD-101157,2024-06-26,CUST-1345,Consumer,Fashion,Women's Kurti,1,1390.46,1390.46,258.21,Hyderabad,Telangana,Debit Card,Same Day,0,2024-06
ORD-101158,2025-02-18,CUST-1941,Consumer,Beauty,Face Serum,2,1052.3,2104.6,646.81,Hyderabad,Telangana,UPI,Express,2,2025-02
ORD-101159,2025-07-31,CUST-1769,Consumer,Electronics,Smart Watch,3,6699.83,20099.489999999998,2975.93,Bengaluru,Karnataka,UPI,Express,3,2025-07
ORD-101160,2024-02-27,CUST-1656,Consumer,Grocery,Snack Combo,1,331.79,331.79,29.77,Pune,Maharashtra,UPI,Same Day,1,2024-02
ORD-101161,2024-04-10,CUST-1154,Corporate,Fashion,Ethnic Saree,2,2605.76,5211.52,1450.98,Indore,Madhya Pradesh,Credit Card,Standard,6,2024-04
ORD-101162,2024-05-25,CUST-1895,Consumer,Accessories,Leather Wallet,3,1016.37,3049.11,555.45,Mumbai,Maharashtra,UPI,Express,3,2024-05
ORD-101163,2025-12-08,CUST-1496,Small Business,Electronics,Smartphone,1,21404.29,21404.29,1945.52,Bengaluru,Karnataka,Credit Card,Standard,4,2025-12
ORD-101164,2024-05-09,CUST-1604,Consumer,Electronics,Laptop,1,63077.88,63077.88,10559.06,Pune,Maharashtra,Net Banking,Express,4,2024-05
ORD-101165,2024-02-12,CUST-1893,Consumer,Electronics,Smart Watch,1,6873.97,6873.97,1131.84,Chennai,Tamil Nadu,UPI,Standard,6,2024-02
ORD-101166,2025-03-19,CUST-1727,Corporate,Fashion,Ethnic Saree,1,3156.6,3156.6,790.68,Kolkata,West Bengal,UPI,Standard,6,2025-03
ORD-101167,2024-09-29,CUST-1172,Consumer,Grocery,Basmati Rice Pack,1,1187.79,1187.79,145.4,Ahmedabad,Gujarat,UPI,Express,4,2024-09
ORD-101168,2025-06-30,CUST-1661,Consumer,Grocery,Basmati Rice Pack,1,1192.64,1192.64,100.17,Ahmedabad,Gujarat,Cash on Delivery,Standard,8,2025-06
ORD-101169,2024-10-07,CUST-1408,Consumer,Electronics,Bluetooth Speaker,1,3434.59,3434.59,363.21,Hyderabad,Telangana,Cash on Delivery,Express,2,2024-10
ORD-101170,2025-01-04,CUST-1379,Corporate,Grocery,Basmati Rice Pack,1,1025.01,1025.01,111.89,Indore,Madhya Pradesh,Credit Card,Express,2,2025-01
ORD-101171,2025-04-19,CUST-1287,Consumer,Electronics,Bluetooth Speaker,1,3208.52,3208.52,352.93,Mumbai,Maharashtra,Net Banking,Standard,4,2025-04
ORD-101172,2025-03-22,CUST-1455,Corporate,Beauty,Face Serum,4,939.99,3759.96,832.63,Delhi,Delhi,Debit Card,Standard,6,2025-03
ORD-101173,2024-07-21,CUST-1282,Small Business,Grocery,Basmati Rice Pack,3,1003.32,3009.96,412.97,Hyderabad,Telangana,UPI,Same Day,1,2024-07
ORD-101174,2025-04-20,CUST-1184,Consumer,Accessories,Phone Case,2,508.74,1017.48,285.11,Delhi,Delhi,UPI,Standard,6,2025-04
ORD-101175,2025-04-29,CUST-1042,Small Business,Fashion,Denim Jeans,1,2048.03,2048.03,495.2,Jaipur,Rajasthan,UPI,Standard,6,2025-04
ORD-101176,2024-09-30,CUST-1367,Small Business,Electronics,Wireless Earbuds,1,4208.22,4208.22,461.69,Hyderabad,Telangana,Debit Card,Standard,8,2024-09
ORD-101177,2024-05-20,CUST-1232,Consumer,Fashion,Women's Kurti,1,1558.48,1558.48,382.55,Mumbai,Maharashtra,UPI,Standard,4,2024-05
ORD-101178,2024-10-01,CUST-1688,Consumer,Grocery,Tea Powder Pack,1,525.39,525.39,65.07,Ahmedabad,Gujarat,UPI,Standard,8,2024-10
ORD-101179,2024-10-27,CUST-1917,Consumer,Grocery,Tea Powder Pack,1,542.39,542.39,64.12,Ahmedabad,Gujarat,Credit Card,Express,3,2024-10
ORD-101180,2025-02-17,CUST-1960,Consumer,Beauty,Makeup Kit,2,2434.43,4868.86,1672.54,Ahmedabad,Gujarat,Credit Card,Standard,8,2025-02
ORD-101181,2024-04-22,CUST-1345,Small Business,Accessories,Phone Case,1,461.14,461.14,92.51,Pune,Maharashtra,UPI,Standard,7,2024-04
ORD-101182,2025-08-29,CUST-1187,Corporate,Fashion,Running Shoes,2,3005.3,6010.6,1624.34,Kochi,Kerala,UPI,Express,4,2025-08
ORD-101183,2025-10-19,CUST-1482,Corporate,Grocery,Tea Powder Pack,1,479.37,479.37,41.38,Kochi,Kerala,Credit Card,Standard,8,2025-10
ORD-101184,2025-12-11,CUST-1142,Corporate,Electronics,Bluetooth Speaker,2,3128.69,6257.38,988.88,Kolkata,West Bengal,Debit Card,Express,4,2025-12
ORD-101185,2025-12-17,CUST-1485,Consumer,Electronics,Smart Watch,3,6712.02,20136.06,2539.81,Delhi,Delhi,Cash on Delivery,Standard,5,2025-12
ORD-101186,2024-03-23,CUST-1468,Corporate,Home & Kitchen,Storage Containers,2,934.8,1869.6,288.67,Jaipur,Rajasthan,Net Banking,Express,3,2024-03
ORD-101187,2024-06-24,CUST-1703,Small Business,Home & Kitchen,Bedsheet Set,1,1731.14,1731.14,365.21,Pune,Maharashtra,Credit Card,Standard,5,2024-06
ORD-101188,2025-08-02,CUST-1981,Small Business,Electronics,Wireless Earbuds,2,3490.18,6980.36,645.06,Mumbai,Maharashtra,UPI,Standard,6,2025-08
ORD-101189,2024-09-08,CUST-1976,Corporate,Accessories,Leather Wallet,3,1141.93,3425.79,601.67,Kolkata,West Bengal,Debit Card,Standard,4,2024-09
ORD-101190,2025-06-24,CUST-1336,Consumer,Beauty,Sunscreen Lotion,2,709.52,1419.04,481.24,Lucknow,Uttar Pradesh,Net Banking,Express,4,2025-06
ORD-101191,2025-09-05,CUST-1411,Consumer,Grocery,Basmati Rice Pack,5,1292.07,6460.349999999999,712.76,Delhi,Delhi,UPI,Express,3,2025-09
ORD-101192,2024-10-30,CUST-1656,Corporate,Accessories,Travel Duffel Bag,3,3160.19,9480.57,2190.67,Hyderabad,Telangana,Credit Card,Standard,6,2024-10
ORD-101193,2025-03-09,CUST-1860,Consumer,Electronics,Laptop,4,62171.27,248685.08,38479.27,Chennai,Tamil Nadu,Credit Card,Standard,8,2025-03
ORD-101194,2025-03-07,CUST-1921,Consumer,Fashion,Women's Kurti,1,1698.57,1698.57,369.79,Indore,Madhya Pradesh,UPI,Standard,8,2025-03
ORD-101195,2025-11-04,CUST-1187,Consumer,Beauty,Sunscreen Lotion,1,709.82,709.82,214.35,Jaipur,Rajasthan,UPI,Standard,6,2025-11
ORD-101196,2025-01-20,CUST-1715,Corporate,Fashion,Men's Casual Shirt,2,1206.82,2413.64,689.31,Hyderabad,Telangana,UPI,Standard,6,2025-01
ORD-101197,2025-01-11,CUST-1510,Consumer,Beauty,Shampoo Combo,3,766.36,2299.08,731.65,Jaipur,Rajasthan,UPI,Standard,4,2025-01
ORD-101198,2024-07-21,CUST-1580,Corporate,Accessories,Sunglasses,5,1228.02,6140.1,1332.93,Delhi,Delhi,Net Banking,Standard,5,2024-07
ORD-101199,2024-02-21,CUST-1181,Consumer,Grocery,Cooking Oil Can,5,885.47,4427.35,311.26,Bengaluru,Karnataka,UPI,Standard,7,2024-02
ORD-101200,2025-09-07,CUST-1727,Consumer,Home & Kitchen,Storage Containers,2,980.45,1960.9,498.39,Kochi,Kerala,Credit Card,Express,4,2025-09
ORD-101201,2024-05-04,CUST-1999,Corporate,Fashion,Denim Jeans,1,2156.81,2156.81,674.33,Bengaluru,Karnataka,UPI,Standard,8,2024-05
ORD-101202,2024-01-05,CUST-1873,Consumer,Accessories,Sunglasses,4,1249.41,4997.64,1231.28,Bengaluru,Karnataka,UPI,Express,3,2024-01
ORD-101203,2024-05-01,CUST-1852,Corporate,Accessories,Laptop Backpack,1,1741.9,1741.9,286.79,Hyderabad,Telangana,UPI,Standard,7,2024-05
ORD-101204,2024-01-12,CUST-1637,Small Business,Beauty,Hair Dryer,1,2072.69,2072.69,553.73,Mumbai,Maharashtra,Credit Card,Standard,7,2024-01
ORD-101205,2025-08-05,CUST-1674,Consumer,Home & Kitchen,Cookware Set,4,3890.74,15562.96,3703.59,Kochi,Kerala,Credit Card,Standard,4,2025-08
ORD-101206,2024-04-12,CUST-1814,Small Business,Electronics,Smart Watch,4,6503.72,26014.88,3121.49,Delhi,Delhi,Credit Card,Standard,4,2024-04
ORD-101207,2024-03-15,CUST-1231,Consumer,Electronics,Bluetooth Speaker,2,2842.01,5684.02,828.05,Mumbai,Maharashtra,Debit Card,Standard,7,2024-03
ORD-101208,2024-05-30,CUST-1829,Consumer,Beauty,Hair Dryer,2,2004.0,4008.0,1213.26,Indore,Madhya Pradesh,Net Banking,Standard,5,2024-05
ORD-101209,2025-09-15,CUST-1423,Consumer,Fashion,Denim Jeans,1,2368.62,2368.62,573.56,Mumbai,Maharashtra,Debit Card,Same Day,1,2025-09
ORD-101210,2025-12-05,CUST-1994,Consumer,Home & Kitchen,Air Fryer,2,8570.25,17140.5,2891.04,Pune,Maharashtra,Credit Card,Standard,6,2025-12
ORD-101211,2024-12-18,CUST-1943,Consumer,Electronics,Wireless Earbuds,1,3807.15,3807.15,592.4,Chennai,Tamil Nadu,Credit Card,Standard,6,2024-12
ORD-101212,2024-01-12,CUST-1182,Consumer,Grocery,Basmati Rice Pack,2,1242.82,2485.64,256.43,Bengaluru,Karnataka,Credit Card,Same Day,0,2024-01
ORD-101213,2024-06-13,CUST-1546,Consumer,Beauty,Shampoo Combo,3,869.41,2608.23,772.45,Mumbai,Maharashtra,UPI,Express,4,2024-06
ORD-101214,2024-04-02,CUST-1307,Consumer,Fashion,Ethnic Saree,5,2763.6,13818.0,3859.38,Kolkata,West Bengal,UPI,Standard,4,2024-04
ORD-101215,2025-03-18,CUST-1553,Corporate,Accessories,Laptop Backpack,2,1736.66,3473.32,1031.81,Ahmedabad,Gujarat,Cash on Delivery,Express,4,2025-03
ORD-101216,2024-03-21,CUST-1246,Consumer,Home & Kitchen,Bedsheet Set,1,1927.1,1927.1,357.34,Lucknow,Uttar Pradesh,UPI,Standard,6,2024-03
ORD-101217,2025-04-10,CUST-1303,Consumer,Home & Kitchen,Air Fryer,3,8332.16,24996.48,4177.08,Bengaluru,Karnataka,Debit Card,Same Day,1,2025-04
ORD-101218,2025-11-26,CUST-1431,Small Business,Grocery,Snack Combo,3,469.66,1408.98,168.62,Kolkata,West Bengal,Credit Card,Standard,5,2025-11
ORD-101219,2025-02-21,CUST-1132,Consumer,Fashion,Denim Jeans,1,2040.11,2040.11,474.59,Bengaluru,Karnataka,Cash on Delivery,Standard,8,2025-02
ORD-101220,2025-02-01,CUST-1662,Consumer,Accessories,Laptop Backpack,2,1519.05,3038.1,838.8,Hyderabad,Telangana,UPI,Standard,5,2025-02
ORD-101221,2024-01-12,CUST-1161,Corporate,Electronics,Smart Watch,4,6787.69,27150.76,3891.05,Pune,Maharashtra,Debit Card,Standard,8,2024-01
ORD-101222,2025-12-13,CUST-1939,Corporate,Home & Kitchen,Bedsheet Set,2,1700.56,3401.12,552.34,Pune,Maharashtra,Credit Card,Standard,5,2025-12
ORD-101223,2024-10-06,CUST-1570,Consumer,Fashion,Running Shoes,5,3947.24,19736.199999999997,4434.0,Hyderabad,Telangana,Credit Card,Standard,8,2024-10
ORD-101224,2025-10-06,CUST-1505,Consumer,Beauty,Shampoo Combo,1,886.59,886.59,244.47,Delhi,Delhi,UPI,Standard,6,2025-10
ORD-101225,2025-02-22,CUST-1201,Consumer,Beauty,Makeup Kit,1,2194.72,2194.72,486.06,Bengaluru,Karnataka,Net Banking,Express,2,2025-02
ORD-101226,2025-01-18,CUST-1585,Consumer,Fashion,Running Shoes,5,3426.08,17130.4,3636.03,Bengaluru,Karnataka,UPI,Standard,4,2025-01
ORD-101227,2025-08-27,CUST-1326,Corporate,Fashion,Men's Casual Shirt,1,1204.63,1204.63,336.52,Hyderabad,Telangana,UPI,Express,4,2025-08
ORD-101228,2025-06-21,CUST-1199,Small Business,Accessories,Laptop Backpack,2,1749.0,3498.0,770.11,Ahmedabad,Gujarat,Debit Card,Standard,4,2025-06
ORD-101229,2025-07-14,CUST-1250,Corporate,Home & Kitchen,Storage Containers,5,886.31,4431.549999999999,1136.55,Delhi,Delhi,Cash on Delivery,Express,4,2025-07
ORD-101230,2025-09-09,CUST-1296,Consumer,Electronics,Bluetooth Speaker,1,3359.78,3359.78,368.0,Hyderabad,Telangana,UPI,Express,4,2025-09
ORD-101231,2024-06-16,CUST-1229,Corporate,Home & Kitchen,Cookware Set,3,3996.08,11988.24,2566.41,Mumbai,Maharashtra,Cash on Delivery,Standard,5,2024-06
ORD-101232,2025-12-03,CUST-1984,Consumer,Beauty,Face Serum,1,989.01,989.01,302.99,Hyderabad,Telangana,Debit Card,Standard,6,2025-12
ORD-101233,2025-09-14,CUST-1582,Corporate,Home & Kitchen,Storage Containers,1,1134.58,1134.58,170.29,Hyderabad,Telangana,Credit Card,Standard,7,2025-09
ORD-101234,2024-01-04,CUST-1460,Consumer,Electronics,Bluetooth Speaker,3,2772.38,8317.14,961.39,Bengaluru,Karnataka,UPI,Express,2,2024-01
ORD-101235,2025-06-02,CUST-1816,Consumer,Accessories,Sunglasses,2,1156.29,2312.58,371.13,Lucknow,Uttar Pradesh,Credit Card,Standard,4,2025-06
ORD-101236,2024-05-18,CUST-1518,Consumer,Electronics,Smart Watch,2,5874.36,11748.72,1928.77,Jaipur,Rajasthan,Credit Card,Standard,7,2024-05
ORD-101237,2025-03-16,CUST-1746,Consumer,Electronics,Smart Watch,3,5745.1,17235.300000000003,1613.24,Kochi,Kerala,Credit Card,Express,3,2025-03
ORD-101238,2025-08-23,CUST-1613,Small Business,Fashion,Ethnic Saree,1,2873.81,2873.81,753.49,Chennai,Tamil Nadu,Credit Card,Express,2,2025-08
ORD-101239,2024-11-17,CUST-1914,Consumer,Electronics,Smart Watch,1,7355.43,7355.43,1126.84,Lucknow,Uttar Pradesh,UPI,Standard,5,2024-11
ORD-101240,2025-06-30,CUST-1447,Corporate,Electronics,Smart Watch,3,5855.83,17567.489999999998,2951.9,Pune,Maharashtra,Net Banking,Standard,4,2025-06
ORD-101241,2025-08-28,CUST-1065,Corporate,Grocery,Cooking Oil Can,5,1023.05,5115.25,567.58,Kochi,Kerala,Debit Card,Express,4,2025-08
ORD-101242,2025-06-22,CUST-1589,Corporate,Home & Kitchen,Cookware Set,2,3715.95,7431.9,1907.8,Hyderabad,Telangana,UPI,Express,4,2025-06
ORD-101243,2024-10-04,CUST-1876,Consumer,Home & Kitchen,Storage Containers,1,1158.48,1158.48,223.89,Pune,Maharashtra,Unknown,Express,2,2024-10
ORD-101244,2024-02-21,CUST-1973,Consumer,Electronics,Laptop,3,52003.91,156011.73,26397.98,Jaipur,Rajasthan,Credit Card,Same Day,1,2024-02
ORD-101245,2025-01-02,CUST-1298,Corporate,Accessories,Sunglasses,4,1272.15,5088.6,1089.46,Mumbai,Maharashtra,UPI,Standard,8,2025-01
ORD-101246,2024-04-19,CUST-1934,Consumer,Fashion,Running Shoes,1,3615.03,3615.03,782.3,Hyderabad,Telangana,UPI,Standard,5,2024-04
ORD-101247,2025-04-26,CUST-1062,Consumer,Home & Kitchen,Cookware Set,4,3795.59,15182.36,2869.24,Jaipur,Rajasthan,Debit Card,Standard,5,2025-04
ORD-101248,2025-07-01,CUST-1610,Consumer,Fashion,Men's Casual Shirt,1,1386.33,1386.33,303.49,Chennai,Tamil Nadu,Cash on Delivery,Standard,4,2025-07
ORD-101249,2024-05-18,CUST-1362,Corporate,Grocery,Snack Combo,3,340.99,1022.97,83.5,Lucknow,Uttar Pradesh,UPI,Standard,4,2024-05
ORD-101250,2024-01-15,CUST-1001,Consumer,Beauty,Sunscreen Lotion,2,662.68,1325.36,295.07,Indore,Madhya Pradesh,Credit Card,Express,2,2024-01
ORD-101251,2024-04-02,CUST-1098,Consumer,Fashion,Men's Casual Shirt,1,1234.23,1234.23,246.34,Jaipur,Rajasthan,UPI,Express,2,2024-04
ORD-101252,2025-04-16,CUST-1512,Consumer,Fashion,Running Shoes,1,3143.31,3143.31,854.61,Chennai,Tamil Nadu,Debit Card,Express,2,2025-04
ORD-101253,2025-06-16,CUST-1739,Consumer,Grocery,Dry Fruit Box,4,1504.96,6019.84,672.63,Jaipur,Rajasthan,Debit Card,Same Day,1,2025-06
ORD-101254,2025-05-07,CUST-1831,Consumer,Beauty,Hair Dryer,1,1844.24,1844.24,406.38,Delhi,Delhi,Cash on Delivery,Standard,4,2025-05
ORD-101255,2024-06-02,CUST-1136,Consumer,Beauty,Makeup Kit,1,2026.36,2026.36,534.43,Chennai,Tamil Nadu,UPI,Standard,7,2024-06
ORD-101256,2025-05-29,CUST-1893,Corporate,Beauty,Face Serum,4,843.18,3372.72,1132.74,Delhi,Delhi,Credit Card,Express,3,2025-05
ORD-101257,2025-07-19,CUST-1838,Small Business,Beauty,Face Serum,1,959.96,959.96,295.47,Kolkata,West Bengal,Credit Card,Standard,8,2025-07
ORD-101258,2024-08-03,CUST-1846,Consumer,Home & Kitchen,Mixer Grinder,2,3773.98,7547.96,1602.46,Jaipur,Rajasthan,Credit Card,Standard,7,2024-08
ORD-101259,2025-06-21,CUST-1755,Consumer,Home & Kitchen,Air Fryer,1,7203.73,7203.73,1077.05,Delhi,Delhi,Cash on Delivery,Standard,8,2025-06
ORD-101260,2025-10-24,CUST-1397,Corporate,Home & Kitchen,Cookware Set,3,4239.19,12717.57,2943.99,Kochi,Kerala,Cash on Delivery,Express,2,2025-10
ORD-101261,2025-08-23,CUST-1622,Small Business,Home & Kitchen,Mixer Grinder,1,4261.71,4261.71,794.87,Bengaluru,Karnataka,Net Banking,Express,4,2025-08
ORD-101262,2025-05-17,CUST-1241,Corporate,Fashion,Running Shoes,1,3273.89,3273.89,826.98,Bengaluru,Karnataka,Debit Card,Express,3,2025-05
ORD-101263,2024-12-03,CUST-1528,Consumer,Grocery,Cooking Oil Can,1,847.36,847.36,59.45,Bengaluru,Karnataka,Cash on Delivery,Standard,8,2024-12
ORD-101264,2025-06-05,CUST-1871,Consumer,Fashion,Running Shoes,2,2909.78,5819.56,1099.58,Mumbai,Maharashtra,UPI,Express,4,2025-06
ORD-101265,2025-02-06,CUST-1823,Corporate,Accessories,Laptop Backpack,3,1865.59,5596.7699999999995,1379.65,Mumbai,Maharashtra,UPI,Standard,5,2025-02
ORD-101266,2025-04-29,CUST-1960,Consumer,Fashion,Running Shoes,2,3078.93,6157.86,1961.61,Hyderabad,Telangana,UPI,Express,3,2025-04
ORD-101267,2024-08-01,CUST-1984,Consumer,Electronics,Laptop,4,56806.29,227225.16,39773.79,Chennai,Tamil Nadu,Debit Card,Express,2,2024-08
ORD-101268,2024-03-31,CUST-1641,Corporate,Beauty,Hair Dryer,1,1769.62,1769.62,592.88,Pune,Maharashtra,Credit Card,Standard,6,2024-03
ORD-101269,2025-04-22,CUST-1665,Consumer,Home & Kitchen,Air Fryer,4,7518.96,30075.84,6769.54,Bengaluru,Karnataka,Credit Card,Express,4,2025-04
ORD-101270,2024-03-06,CUST-1806,Corporate,Fashion,Ethnic Saree,1,2727.95,2727.95,833.82,Bengaluru,Karnataka,Cash on Delivery,Express,2,2024-03
ORD-101271,2024-02-29,CUST-1295,Corporate,Beauty,Makeup Kit,3,2093.17,6279.51,1634.51,Kolkata,West Bengal,Net Banking,Express,4,2024-02
ORD-101272,2025-03-10,CUST-1463,Consumer,Accessories,Laptop Backpack,5,1797.98,8989.9,2469.38,Jaipur,Rajasthan,Credit Card,Standard,5,2025-03
ORD-101273,2024-03-20,CUST-1275,Consumer,Fashion,Denim Jeans,1,2434.46,2434.46,750.15,Delhi,Delhi,Credit Card,Express,2,2024-03
ORD-101274,2025-03-09,CUST-1123,Consumer,Electronics,Bluetooth Speaker,2,3162.62,6325.24,847.2,Ahmedabad,Gujarat,UPI,Standard,6,2025-03
ORD-101275,2024-12-24,CUST-1769,Consumer,Electronics,Bluetooth Speaker,1,2702.37,2702.37,339.39,Ahmedabad,Gujarat,UPI,Standard,7,2024-12
ORD-101276,2025-10-20,CUST-1026,Consumer,Home & Kitchen,Bedsheet Set,1,2233.29,2233.29,354.99,Ahmedabad,Gujarat,Cash on Delivery,Express,3,2025-10
ORD-101277,2024-07-02,CUST-1492,Consumer,Grocery,Snack Combo,3,340.78,1022.3399999999999,140.55,Mumbai,Maharashtra,Credit Card,Same Day,1,2024-07
ORD-101278,2025-04-25,CUST-1366,Consumer,Home & Kitchen,Storage Containers,3,1033.09,3099.2699999999995,536.54,Bengaluru,Karnataka,UPI,Standard,8,2025-04
ORD-101279,2025-04-22,CUST-1526,Consumer,Grocery,Tea Powder Pack,2,435.92,871.84,74.79,Chennai,Tamil Nadu,Debit Card,Standard,7,2025-04
ORD-101280,2024-04-12,CUST-1174,Consumer,Grocery,Snack Combo,3,360.52,1081.56,72.86,Bengaluru,Karnataka,Net Banking,Standard,7,2024-04
ORD-101281,2025-04-12,CUST-1146,Small Business,Electronics,Smart Watch,1,6839.55,6839.55,865.1,Bengaluru,Karnataka,Cash on Delivery,Standard,8,2025-04
ORD-101282,2024-03-14,CUST-1931,Corporate,Beauty,Hair Dryer,1,1716.69,1716.69,390.36,Kochi,Kerala,Debit Card,Standard,6,2024-03
ORD-101283,2024-04-07,CUST-1434,Small Business,Accessories,Phone Case,1,495.32,495.32,130.46,Hyderabad,Telangana,UPI,Standard,4,2024-04
ORD-101284,2024-05-19,CUST-1870,Consumer,Beauty,Hair Dryer,1,1599.88,1599.88,393.23,Bengaluru,Karnataka,Debit Card,Standard,4,2024-05
ORD-101285,2025-08-12,CUST-1695,Consumer,Fashion,Running Shoes,1,3020.13,3020.13,620.38,Hyderabad,Telangana,UPI,Express,3,2025-08
ORD-101286,2024-11-01,CUST-1447,Corporate,Fashion,Ethnic Saree,2,3303.65,6607.3,1433.25,Delhi,Delhi,Credit Card,Express,3,2024-11
ORD-101287,2025-08-09,CUST-1833,Consumer,Home & Kitchen,Cookware Set,2,3692.58,7385.16,1239.57,Mumbai,Maharashtra,Cash on Delivery,Standard,7,2025-08
ORD-101288,2025-01-13,CUST-1163,Consumer,Fashion,Denim Jeans,3,2360.93,7082.789999999999,1889.28,Indore,Madhya Pradesh,UPI,Standard,5,2025-01
ORD-101289,2025-02-07,CUST-1765,Consumer,Accessories,Leather Wallet,1,872.08,872.08,155.07,Kochi,Kerala,UPI,Express,4,2025-02
ORD-101290,2025-08-29,CUST-1277,Consumer,Grocery,Tea Powder Pack,1,409.01,409.01,55.1,Chennai,Tamil Nadu,Debit Card,Express,2,2025-08
ORD-101291,2025-03-15,CUST-1425,Consumer,Fashion,Running Shoes,1,3333.67,3333.67,647.32,Chennai,Tamil Nadu,Cash on Delivery,Standard,8,2025-03
ORD-101292,2025-02-07,CUST-1793,Corporate,Beauty,Shampoo Combo,4,819.42,3277.68,731.7,Bengaluru,Karnataka,UPI,Standard,7,2025-02
ORD-101293,2025-05-08,CUST-1606,Corporate,Electronics,Smart Watch,5,7364.98,36824.899999999994,3377.54,Pune,Maharashtra,Debit Card,Standard,6,2025-05
ORD-101294,2024-10-11,CUST-1471,Consumer,Fashion,Women's Kurti,3,1928.64,5785.92,1554.08,Mumbai,Maharashtra,Net Banking,Same Day,0,2024-10
ORD-101295,2024-11-03,CUST-1580,Consumer,Grocery,Snack Combo,1,409.17,409.17,28.15,Pune,Maharashtra,Credit Card,Express,4,2024-11
ORD-101296,2025-07-17,CUST-1581,Consumer,Fashion,Men's Casual Shirt,1,1166.42,1166.42,215.32,Delhi,Delhi,Debit Card,Standard,7,2025-07
ORD-101297,2024-08-25,CUST-1845,Consumer,Electronics,Smartphone,1,21034.88,21034.88,2794.72,Hyderabad,Telangana,Debit Card,Standard,4,2024-08
ORD-101298,2025-03-20,CUST-1790,Consumer,Fashion,Men's Casual Shirt,2,1128.75,2257.5,485.69,Kochi,Kerala,Cash on Delivery,Express,4,2025-03
ORD-101299,2024-02-09,CUST-1252,Consumer,Beauty,Hair Dryer,1,1867.16,1867.16,516.43,Lucknow,Uttar Pradesh,UPI,Same Day,0,2024-02
ORD-101300,2024-12-03,CUST-1210,Small Business,Grocery,Cooking Oil Can,1,905.46,905.46,58.77,Hyderabad,Telangana,UPI,Same Day,0,2024-12
ORD-101301,2025-12-19,CUST-1685,Small Business,Electronics,Laptop,4,63881.22,255524.88,25665.06,Bengaluru,Karnataka,UPI,Express,3,2025-12
ORD-101302,2024-03-31,CUST-1487,Corporate,Accessories,Travel Duffel Bag,1,2192.12,2192.12,637.35,Jaipur,Rajasthan,UPI,Standard,8,2024-03
ORD-101303,2024-03-14,CUST-1255,Corporate,Fashion,Denim Jeans,1,2311.71,2311.71,713.2,Hyderabad,Telangana,UPI,Standard,8,2024-03
ORD-101304,2024-08-31,CUST-1330,Consumer,Fashion,Men's Casual Shirt,1,1168.73,1168.73,277.61,Bengaluru,Karnataka,Debit Card,Standard,6,2024-08
ORD-101305,2025-10-10,CUST-1619,Consumer,Beauty,Face Serum,1,1139.2,1139.2,337.19,Bengaluru,Karnataka,Credit Card,Standard,6,2025-10
ORD-101306,2024-02-01,CUST-1872,Small Business,Accessories,Phone Case,1,470.45,470.45,101.74,Indore,Madhya Pradesh,UPI,Standard,8,2024-02
ORD-101307,2025-02-17,CUST-1005,Small Business,Beauty,Makeup Kit,1,2338.5,2338.5,517.09,Hyderabad,Telangana,UPI,Standard,6,2025-02
ORD-101308,2024-09-23,CUST-1995,Corporate,Beauty,Makeup Kit,1,2793.61,2793.61,615.94,Lucknow,Uttar Pradesh,UPI,Standard,8,2024-09
ORD-101309,2025-02-21,CUST-1013,Consumer,Electronics,Bluetooth Speaker,1,2857.18,2857.18,285.77,Bengaluru,Karnataka,Credit Card,Standard,8,2025-02
ORD-101310,2025-09-12,CUST-1958,Consumer,Grocery,Snack Combo,2,397.8,795.6,76.53,Hyderabad,Telangana,Debit Card,Standard,4,2025-09
ORD-101311,2025-03-29,CUST-1613,Corporate,Grocery,Dry Fruit Box,4,1296.57,5186.28,696.82,Hyderabad,Telangana,Credit Card,Express,3,2025-03
ORD-101312,2024-03-15,CUST-1952,Corporate,Electronics,Smart Watch,1,6266.19,6266.19,914.77,Bengaluru,Karnataka,UPI,Express,4,2024-03
ORD-101313,2025-10-05,CUST-1689,Small Business,Home & Kitchen,Air Fryer,1,8193.36,8193.36,1693.21,Mumbai,Maharashtra,Credit Card,Standard,8,2025-10
ORD-101314,2024-04-09,CUST-1565,Consumer,Home & Kitchen,Mixer Grinder,1,4472.93,4472.93,760.71,Kolkata,West Bengal,UPI,Standard,4,2024-04
ORD-101315,2024-11-09,CUST-1367,Small Business,Home & Kitchen,Bedsheet Set,2,1881.52,3763.04,930.88,Pune,Maharashtra,Credit Card,Standard,4,2024-11
ORD-101316,2024-03-09,CUST-1095,Small Business,Grocery,Tea Powder Pack,3,444.95,1334.85,127.51,Bengaluru,Karnataka,UPI,Standard,5,2024-03
ORD-101317,2025-07-19,CUST-1308,Consumer,Home & Kitchen,Bedsheet Set,1,1764.29,1764.29,288.17,Pune,Maharashtra,Cash on Delivery,Standard,7,2025-07
ORD-101318,2024-01-10,CUST-1315,Consumer,Grocery,Cooking Oil Can,2,1015.63,2031.26,205.12,Mumbai,Maharashtra,UPI,Standard,7,2024-01
ORD-101319,2024-12-01,CUST-1377,Consumer,Fashion,Denim Jeans,2,2033.41,4066.82,1276.72,Pune,Maharashtra,UPI,Standard,5,2024-12
ORD-101320,2025-09-27,CUST-1286,Consumer,Beauty,Hair Dryer,3,2270.95,6812.849999999999,1577.58,Kolkata,West Bengal,Cash on Delivery,Standard,7,2025-09
ORD-101321,2025-12-07,CUST-1926,Consumer,Home & Kitchen,Air Fryer,2,7061.97,14123.94,3589.65,Hyderabad,Telangana,Debit Card,Standard,7,2025-12
ORD-101322,2024-08-02,CUST-1309,Consumer,Home & Kitchen,Air Fryer,2,9027.29,18054.58,2801.06,Mumbai,Maharashtra,Net Banking,Express,2,2024-08
ORD-101323,2025-03-04,CUST-1661,Consumer,Fashion,Women's Kurti,1,1565.72,1565.72,334.3,Hyderabad,Telangana,Debit Card,Standard,4,2025-03
ORD-101324,2024-05-29,CUST-1593,Small Business,Beauty,Makeup Kit,1,2145.76,2145.76,491.29,Bengaluru,Karnataka,Cash on Delivery,Standard,4,2024-05
ORD-101325,2024-12-18,CUST-1385,Consumer,Electronics,Smartphone,3,25380.88,76142.64,7789.73,Mumbai,Maharashtra,Debit Card,Standard,4,2024-12
ORD-101326,2024-05-01,CUST-1348,Consumer,Grocery,Tea Powder Pack,2,515.07,1030.14,68.42,Bengaluru,Karnataka,UPI,Standard,7,2024-05
ORD-101327,2024-01-28,CUST-1251,Consumer,Home & Kitchen,Air Fryer,3,7213.7,21641.1,3863.76,Bengaluru,Karnataka,UPI,Express,2,2024-01
ORD-101328,2025-03-28,CUST-1889,Consumer,Home & Kitchen,Storage Containers,1,950.56,950.56,171.33,Kolkata,West Bengal,Cash on Delivery,Standard,8,2025-03
ORD-101329,2025-01-11,CUST-1583,Corporate,Home & Kitchen,Bedsheet Set,1,2043.45,2043.45,323.41,Kolkata,West Bengal,Credit Card,Express,3,2025-01
ORD-101330,2024-03-15,CUST-1105,Consumer,Beauty,Hair Dryer,1,1714.87,1714.87,468.53,Kolkata,West Bengal,Credit Card,Standard,8,2024-03
ORD-101331,2025-08-06,CUST-1717,Consumer,Grocery,Tea Powder Pack,1,520.16,520.16,63.62,Delhi,Delhi,UPI,Standard,7,2025-08
ORD-101332,2025-01-12,CUST-1321,Small Business,Fashion,Women's Kurti,1,1380.69,1380.69,302.58,Lucknow,Uttar Pradesh,UPI,Same Day,1,2025-01
ORD-101333,2025-03-27,CUST-1981,Consumer,Home & Kitchen,Air Fryer,2,8149.68,16299.36,3850.89,Hyderabad,Telangana,UPI,Standard,5,2025-03
ORD-101334,2024-12-07,CUST-1719,Consumer,Home & Kitchen,Bedsheet Set,4,1656.07,6624.28,1536.24,Mumbai,Maharashtra,UPI,Standard,5,2024-12
ORD-101335,2024-10-02,CUST-1563,Small Business,Grocery,Dry Fruit Box,4,1487.5,5950.0,785.89,Kolkata,West Bengal,Debit Card,Express,3,2024-10
ORD-101336,2024-12-19,CUST-1095,Consumer,Grocery,Basmati Rice Pack,5,1190.7,5953.5,495.95,Mumbai,Maharashtra,Credit Card,Standard,5,2024-12
ORD-101337,2024-07-16,CUST-1012,Consumer,Grocery,Cooking Oil Can,1,1030.48,1030.48,87.93,Ahmedabad,Gujarat,UPI,Standard,7,2024-07
ORD-101338,2025-06-16,CUST-1129,Consumer,Electronics,Bluetooth Speaker,1,2467.41,2467.41,237.03,Lucknow,Uttar Pradesh,UPI,Express,3,2025-06
ORD-101339,2024-08-05,CUST-1390,Consumer,Accessories,Travel Duffel Bag,1,2415.31,2415.31,569.13,Hyderabad,Telangana,UPI,Standard,4,2024-08
ORD-101340,2025-03-21,CUST-1781,Small Business,Beauty,Shampoo Combo,4,838.26,3353.04,869.08,Kochi,Kerala,Cash on Delivery,Express,3,2025-03
ORD-101341,2025-10-30,CUST-1221,Small Business,Accessories,Leather Wallet,5,1194.64,5973.200000000001,1708.03,Bengaluru,Karnataka,Debit Card,Express,4,2025-10
ORD-101342,2025-10-15,CUST-1281,Consumer,Home & Kitchen,Mixer Grinder,1,4752.39,4752.39,896.68,Mumbai,Maharashtra,UPI,Express,4,2025-10
ORD-101343,2024-02-21,CUST-1036,Consumer,Fashion,Running Shoes,1,3375.52,3375.52,1043.39,Mumbai,Maharashtra,Net Banking,Express,4,2024-02
ORD-101344,2025-11-03,CUST-1115,Consumer,Electronics,Laptop,1,77425.36,77425.36,10641.37,Jaipur,Rajasthan,Credit Card,Standard,7,2025-11
ORD-101345,2025-08-16,CUST-1194,Consumer,Grocery,Tea Powder Pack,3,461.69,1385.07,162.82,Delhi,Delhi,Credit Card,Standard,8,2025-08
ORD-101346,2025-03-26,CUST-1675,Consumer,Electronics,Wireless Earbuds,3,3614.52,10843.56,1216.89,Delhi,Delhi,Credit Card,Standard,5,2025-03
ORD-101347,2024-02-14,CUST-1807,Consumer,Grocery,Tea Powder Pack,1,437.61,437.61,56.68,Mumbai,Maharashtra,UPI,Express,2,2024-02
ORD-101348,2025-01-28,CUST-1436,Consumer,Accessories,Sunglasses,1,1347.9,1347.9,227.22,Hyderabad,Telangana,UPI,Standard,8,2025-01
ORD-101349,2024-01-08,CUST-1480,Consumer,Grocery,Tea Powder Pack,2,467.1,934.2,113.26,Jaipur,Rajasthan,Debit Card,Express,3,2024-01
ORD-101350,2025-05-28,CUST-1049,Corporate,Beauty,Face Serum,1,920.86,920.86,252.86,Lucknow,Uttar Pradesh,Debit Card,Standard,4,2025-05
ORD-101351,2024-10-24,CUST-1957,Consumer,Fashion,Women's Kurti,2,1997.91,3995.82,914.37,Mumbai,Maharashtra,Credit Card,Standard,8,2024-10
ORD-101352,2025-12-27,CUST-1797,Consumer,Beauty,Face Serum,2,929.06,1858.12,419.37,Mumbai,Maharashtra,UPI,Standard,5,2025-12
ORD-101353,2024-10-15,CUST-1778,Consumer,Beauty,Hair Dryer,4,2455.76,9823.04,2792.15,Hyderabad,Telangana,Net Banking,Standard,4,2024-10
ORD-101354,2025-12-10,CUST-1044,Consumer,Beauty,Makeup Kit,1,2349.81,2349.81,776.38,Bengaluru,Karnataka,Debit Card,Same Day,0,2025-12
ORD-101355,2025-05-31,CUST-1295,Consumer,Accessories,Sunglasses,1,1290.08,1290.08,314.4,Bengaluru,Karnataka,Debit Card,Express,2,2025-05
ORD-101356,2024-04-20,CUST-1831,Consumer,Fashion,Men's Casual Shirt,1,1191.38,1191.38,350.92,Pune,Maharashtra,Cash on Delivery,Same Day,0,2024-04
ORD-101357,2025-11-04,CUST-1297,Consumer,Electronics,Laptop,1,67219.22,67219.22,10760.53,Kolkata,West Bengal,Cash on Delivery,Standard,7,2025-11
ORD-101358,2025-02-04,CUST-1410,Small Business,Beauty,Hair Dryer,2,1627.53,3255.06,755.31,Bengaluru,Karnataka,UPI,Standard,5,2025-02
ORD-101359,2024-11-23,CUST-1603,Consumer,Electronics,Bluetooth Speaker,4,3689.26,14757.04,2536.17,Indore,Madhya Pradesh,Cash on Delivery,Same Day,0,2024-11
ORD-101360,2025-06-17,CUST-1556,Small Business,Home & Kitchen,Mixer Grinder,1,3700.18,3700.18,754.11,Chennai,Tamil Nadu,Credit Card,Standard,6,2025-06
ORD-101361,2024-08-23,CUST-1143,Small Business,Electronics,Smartphone,1,20977.07,20977.07,2304.46,Pune,Maharashtra,Debit Card,Same Day,0,2024-08
ORD-101362,2025-08-08,CUST-1697,Consumer,Fashion,Men's Casual Shirt,1,1210.18,1210.18,261.28,Mumbai,Maharashtra,UPI,Standard,4,2025-08
ORD-101363,2025-09-19,CUST-1620,Consumer,Grocery,Cooking Oil Can,1,1278.35,1278.35,133.74,Bengaluru,Karnataka,Net Banking,Express,4,2025-09
ORD-101364,2024-04-16,CUST-1442,Consumer,Beauty,Sunscreen Lotion,1,660.42,660.42,189.55,Kolkata,West Bengal,Unknown,Standard,5,2024-04
ORD-101365,2025-11-01,CUST-1458,Corporate,Beauty,Face Serum,1,1230.03,1230.03,372.57,Bengaluru,Karnataka,UPI,Standard,8,2025-11
ORD-101366,2025-07-17,CUST-1331,Consumer,Fashion,Running Shoes,4,3355.59,13422.36,3426.58,Hyderabad,Telangana,Credit Card,Standard,8,2025-07
ORD-101367,2025-09-09,CUST-1127,Corporate,Home & Kitchen,Air Fryer,3,9079.29,27237.870000000003,6794.66,Mumbai,Maharashtra,UPI,Standard,4,2025-09
ORD-101368,2025-07-18,CUST-1663,Consumer,Accessories,Sunglasses,2,1352.08,2704.16,565.52,Mumbai,Maharashtra,Net Banking,Standard,8,2025-07
ORD-101369,2025-10-29,CUST-1050,Consumer,Home & Kitchen,Mixer Grinder,1,4421.76,4421.76,762.19,Bengaluru,Karnataka,Credit Card,Standard,7,2025-10
ORD-101370,2024-05-06,CUST-1152,Small Business,Grocery,Snack Combo,1,393.96,393.96,43.35,Hyderabad,Telangana,UPI,Standard,4,2024-05
ORD-101371,2024-05-01,CUST-1142,Consumer,Grocery,Tea Powder Pack,2,397.98,795.96,60.21,Pune,Maharashtra,Cash on Delivery,Express,3,2024-05
ORD-101372,2025-10-12,CUST-1694,Corporate,Fashion,Women's Kurti,1,1569.93,1569.93,391.34,Delhi,Delhi,Credit Card,Standard,8,2025-10
ORD-101373,2025-05-19,CUST-1362,Small Business,Electronics,Laptop,3,56917.05,170751.15000000002,20038.26,Chennai,Tamil Nadu,Credit Card,Standard,8,2025-05
ORD-101374,2024-10-30,CUST-1849,Consumer,Beauty,Sunscreen Lotion,2,858.83,1717.66,605.06,Chennai,Tamil Nadu,UPI,Express,3,2024-10
ORD-101375,2025-06-21,CUST-1892,Small Business,Electronics,Laptop,2,66050.82,132101.64,22602.36,Delhi,Delhi,UPI,Standard,6,2025-06
ORD-101376,2024-02-02,CUST-1052,Consumer,Home & Kitchen,Bedsheet Set,1,1968.63,1968.63,289.68,Lucknow,Uttar Pradesh,UPI,Standard,7,2024-02
ORD-101377,2025-08-03,CUST-1247,Consumer,Accessories,Travel Duffel Bag,1,2426.12,2426.12,479.76,Ahmedabad,Gujarat,UPI,Express,4,2025-08
ORD-101378,2024-12-25,CUST-1232,Small Business,Fashion,Running Shoes,1,2850.45,2850.45,791.31,Chennai,Tamil Nadu,UPI,Standard,6,2024-12
ORD-101379,2025-12-04,CUST-1244,Corporate,Home & Kitchen,Bedsheet Set,2,1701.2,3402.4,826.84,Ahmedabad,Gujarat,Credit Card,Express,2,2025-12
ORD-101380,2024-07-08,CUST-1228,Consumer,Fashion,Women's Kurti,4,1663.19,6652.76,1601.84,Delhi,Delhi,Credit Card,Express,3,2024-07
ORD-101381,2024-03-23,CUST-1320,Corporate,Beauty,Sunscreen Lotion,1,709.7,709.7,218.31,Mumbai,Maharashtra,UPI,Standard,6,2024-03
ORD-101382,2025-03-03,CUST-1850,Consumer,Fashion,Men's Casual Shirt,1,1118.66,1118.66,266.47,Kochi,Kerala,Net Banking,Standard,4,2025-03
ORD-101383,2024-09-20,CUST-1434,Consumer,Beauty,Hair Dryer,4,1972.48,7889.92,2300.41,Ahmedabad,Gujarat,UPI,Standard,8,2024-09
ORD-101384,2024-08-28,CUST-1939,Corporate,Grocery,Cooking Oil Can,4,994.99,3979.96,345.65,Bengaluru,Karnataka,Cash on Delivery,Express,4,2024-08
ORD-101385,2025-11-23,CUST-1870,Small Business,Beauty,Makeup Kit,3,2973.3,8919.900000000001,2996.1,Delhi,Delhi,Debit Card,Same Day,1,2025-11
ORD-101386,2025-09-14,CUST-1452,Consumer,Beauty,Face Serum,3,1112.26,3336.7799999999997,816.17,Hyderabad,Telangana,UPI,Standard,7,2025-09
ORD-101387,2024-10-26,CUST-1937,Corporate,Home & Kitchen,Mixer Grinder,2,5399.94,10799.88,1622.25,Kolkata,West Bengal,Cash on Delivery,Standard,8,2024-10
ORD-101388,2025-08-22,CUST-1828,Consumer,Beauty,Hair Dryer,2,1643.83,3287.66,1037.8,Kolkata,West Bengal,Credit Card,Standard,5,2025-08
ORD-101389,2025-03-13,CUST-1805,Consumer,Grocery,Snack Combo,1,368.21,368.21,26.68,Bengaluru,Karnataka,UPI,Standard,7,2025-03
ORD-101390,2024-01-28,CUST-1057,Consumer,Home & Kitchen,Air Fryer,1,8097.7,8097.7,1563.25,Bengaluru,Karnataka,UPI,Express,3,2024-01
ORD-101391,2025-10-23,CUST-1515,Consumer,Electronics,Bluetooth Speaker,1,3654.01,3654.01,409.11,Bengaluru,Karnataka,Debit Card,Standard,4,2025-10
ORD-101392,2025-09-11,CUST-1045,Consumer,Electronics,Smartphone,3,28577.55,85732.65,9823.49,Mumbai,Maharashtra,UPI,Express,3,2025-09
ORD-101393,2024-03-14,CUST-1370,Corporate,Home & Kitchen,Cookware Set,1,3815.34,3815.34,705.97,Delhi,Delhi,UPI,Standard,8,2024-03
ORD-101394,2024-03-19,CUST-1251,Corporate,Grocery,Cooking Oil Can,4,1014.78,4059.12,516.68,Kolkata,West Bengal,Credit Card,Standard,4,2024-03
ORD-101395,2024-11-09,CUST-1116,Consumer,Home & Kitchen,Storage Containers,2,1061.95,2123.9,387.46,Pune,Maharashtra,UPI,Standard,7,2024-11
ORD-101396,2025-11-18,CUST-1817,Corporate,Fashion,Men's Casual Shirt,2,1486.61,2973.22,625.38,Jaipur,Rajasthan,UPI,Standard,4,2025-11
ORD-101397,2024-05-25,CUST-1768,Consumer,Accessories,Sunglasses,2,1269.26,2538.52,562.25,Pune,Maharashtra,UPI,Express,4,2024-05
ORD-101398,2025-02-15,CUST-1842,Small Business,Home & Kitchen,Air Fryer,3,7697.6,23092.800000000003,5837.74,Bengaluru,Karnataka,UPI,Standard,8,2025-02
ORD-101399,2024-03-11,CUST-1700,Consumer,Electronics,Wireless Earbuds,1,3851.71,3851.71,653.7,Kolkata,West Bengal,Credit Card,Standard,7,2024-03
ORD-101400,2024-08-20,CUST-1607,Consumer,Electronics,Bluetooth Speaker,1,2775.08,2775.08,382.59,Mumbai,Maharashtra,Credit Card,Standard,7,2024-08
ORD-101401,2024-08-24,CUST-1764,Small Business,Electronics,Laptop,1,55559.66,55559.66,6099.9,Chennai,Tamil Nadu,Debit Card,Standard,6,2024-08
ORD-101402,2025-10-21,CUST-1083,Consumer,Beauty,Shampoo Combo,1,1077.87,1077.87,243.72,Bengaluru,Karnataka,UPI,Same Day,0,2025-10
ORD-101403,2025-06-15,CUST-1852,Consumer,Home & Kitchen,Bedsheet Set,1,1628.1,1628.1,378.89,Chennai,Tamil Nadu,Cash on Delivery,Standard,7,2025-06
ORD-101404,2024-02-28,CUST-1566,Consumer,Home & Kitchen,Air Fryer,1,8894.81,8894.81,1363.09,Pune,Maharashtra,Debit Card,Standard,8,2024-02
ORD-101405,2025-05-19,CUST-1978,Consumer,Accessories,Laptop Backpack,1,1877.18,1877.18,407.56,Delhi,Delhi,UPI,Express,4,2025-05
ORD-101406,2025-09-03,CUST-1401,Consumer,Grocery,Tea Powder Pack,1,528.32,528.32,69.38,Bengaluru,Karnataka,Net Banking,Express,4,2025-09
ORD-101407,2025-10-20,CUST-1821,Corporate,Beauty,Face Serum,3,1143.29,3429.87,1082.66,Ahmedabad,Gujarat,UPI,Express,3,2025-10
ORD-101408,2025-08-15,CUST-1349,Corporate,Home & Kitchen,Storage Containers,1,1005.67,1005.67,147.59,Mumbai,Maharashtra,Cash on Delivery,Standard,8,2025-08
ORD-101409,2025-08-23,CUST-1828,Consumer,Grocery,Cooking Oil Can,2,1057.01,2114.02,233.75,Kolkata,West Bengal,Cash on Delivery,Standard,6,2025-08
ORD-101410,2024-03-09,CUST-1415,Corporate,Beauty,Hair Dryer,2,2008.89,4017.78,1371.95,Mumbai,Maharashtra,UPI,Standard,5,2024-03
ORD-101411,2024-09-24,CUST-1612,Consumer,Home & Kitchen,Cookware Set,1,3747.34,3747.34,637.81,Pune,Maharashtra,Debit Card,Standard,5,2024-09
ORD-101412,2025-08-24,CUST-1719,Consumer,Fashion,Ethnic Saree,1,2982.7,2982.7,866.05,Bengaluru,Karnataka,Credit Card,Standard,8,2025-08
ORD-101413,2024-04-05,CUST-1672,Consumer,Grocery,Cooking Oil Can,1,971.19,971.19,130.86,Mumbai,Maharashtra,UPI,Standard,5,2024-04
ORD-101414,2025-10-28,CUST-1189,Corporate,Electronics,Bluetooth Speaker,1,3065.47,3065.47,510.67,Mumbai,Maharashtra,UPI,Express,3,2025-10
ORD-101415,2025-07-11,CUST-1250,Corporate,Fashion,Men's Casual Shirt,1,1321.74,1321.74,269.04,Bengaluru,Karnataka,Debit Card,Same Day,1,2025-07
ORD-101416,2025-02-25,CUST-1105,Consumer,Electronics,Smart Watch,1,7347.89,7347.89,721.4,Mumbai,Maharashtra,UPI,Standard,8,2025-02
ORD-101417,2024-07-16,CUST-1683,Small Business,Home & Kitchen,Storage Containers,2,872.62,1745.24,420.0,Kolkata,West Bengal,Debit Card,Standard,5,2024-07
ORD-101418,2024-11-23,CUST-1614,Consumer,Electronics,Bluetooth Speaker,2,3075.19,6150.38,873.43,Mumbai,Maharashtra,UPI,Standard,8,2024-11
ORD-101419,2024-04-05,CUST-1669,Consumer,Fashion,Women's Kurti,2,1359.0,2718.0,802.3,Chennai,Tamil Nadu,UPI,Express,2,2024-04
ORD-101420,2025-06-08,CUST-1446,Small Business,Electronics,Laptop,3,55427.38,166282.13999999998,17828.5,Kolkata,West Bengal,UPI,Standard,6,2025-06
ORD-101421,2025-01-05,CUST-1840,Corporate,Electronics,Laptop,3,53893.82,161681.46,18175.91,Ahmedabad,Gujarat,Credit Card,Standard,6,2025-01
ORD-101422,2025-06-19,CUST-1334,Consumer,Fashion,Ethnic Saree,3,3239.14,9717.42,2945.15,Pune,Maharashtra,Credit Card,Standard,8,2025-06
ORD-101423,2024-02-15,CUST-1291,Corporate,Grocery,Tea Powder Pack,1,411.7,411.7,44.09,Delhi,Delhi,Credit Card,Standard,7,2024-02
ORD-101424,2025-03-20,CUST-1087,Corporate,Fashion,Denim Jeans,1,2194.36,2194.36,474.31,Chennai,Tamil Nadu,Credit Card,Express,4,2025-03
ORD-101425,2024-08-08,CUST-1078,Consumer,Accessories,Laptop Backpack,3,1620.1,4860.299999999999,1341.92,Bengaluru,Karnataka,Credit Card,Standard,6,2024-08
ORD-101426,2025-11-09,CUST-1019,Small Business,Accessories,Laptop Backpack,1,2081.49,2081.49,511.0,Mumbai,Maharashtra,Net Banking,Express,4,2025-11
ORD-101427,2025-02-22,CUST-1073,Consumer,Fashion,Men's Casual Shirt,1,1293.69,1293.69,274.4,Pune,Maharashtra,Debit Card,Standard,5,2025-02
ORD-101428,2024-05-07,CUST-1773,Consumer,Home & Kitchen,Bedsheet Set,1,1600.78,1600.78,389.73,Jaipur,Rajasthan,Cash on Delivery,Same Day,0,2024-05
ORD-101429,2024-09-12,CUST-1022,Corporate,Home & Kitchen,Mixer Grinder,2,4760.27,9520.54,2314.77,Pune,Maharashtra,Cash on Delivery,Standard,5,2024-09
ORD-101430,2025-09-07,CUST-1536,Consumer,Electronics,Smart Watch,1,8825.98,8825.98,1279.19,Pune,Maharashtra,Credit Card,Same Day,1,2025-09
ORD-101431,2024-05-30,CUST-1238,Consumer,Grocery,Tea Powder Pack,1,420.48,420.48,45.25,Mumbai,Maharashtra,UPI,Express,4,2024-05
ORD-101432,2025-03-26,CUST-1907,Consumer,Accessories,Phone Case,2,407.19,814.38,231.31,Hyderabad,Telangana,Debit Card,Standard,6,2025-03
ORD-101433,2025-02-05,CUST-1700,Consumer,Grocery,Tea Powder Pack,1,435.46,435.46,47.22,Hyderabad,Telangana,UPI,Standard,7,2025-02
ORD-101434,2024-05-21,CUST-1570,Consumer,Fashion,Ethnic Saree,2,3129.18,6258.36,1529.28,Kolkata,West Bengal,UPI,Standard,7,2024-05
ORD-101435,2025-05-06,CUST-1807,Consumer,Grocery,Basmati Rice Pack,1,1077.24,1077.24,91.96,Kochi,Kerala,Debit Card,Standard,5,2025-05
ORD-101436,2025-02-22,CUST-1350,Small Business,Home & Kitchen,Bedsheet Set,1,1763.96,1763.96,308.45,Ahmedabad,Gujarat,Cash on Delivery,Express,3,2025-02
ORD-101437,2025-03-16,CUST-1753,Consumer,Grocery,Cooking Oil Can,5,1003.93,5019.65,405.68,Kochi,Kerala,UPI,Same Day,0,2025-03
ORD-101438,2024-03-20,CUST-1766,Small Business,Accessories,Leather Wallet,1,965.74,965.74,166.25,Jaipur,Rajasthan,Debit Card,Standard,6,2024-03
ORD-101439,2024-11-09,CUST-1687,Corporate,Fashion,Denim Jeans,2,2475.56,4951.12,1336.79,Bengaluru,Karnataka,Debit Card,Standard,8,2024-11
ORD-101440,2024-01-17,CUST-1708,Consumer,Fashion,Women's Kurti,3,1619.05,4857.15,1107.59,Kolkata,West Bengal,Debit Card,Standard,5,2024-01
ORD-101441,2024-10-19,CUST-1544,Consumer,Home & Kitchen,Cookware Set,4,3999.3,15997.2,3435.83,Chennai,Tamil Nadu,UPI,Standard,4,2024-10
ORD-101442,2024-08-06,CUST-1620,Consumer,Home & Kitchen,Air Fryer,2,8694.21,17388.42,3478.4,Lucknow,Uttar Pradesh,UPI,Express,2,2024-08
ORD-101443,2024-08-19,CUST-1309,Consumer,Accessories,Phone Case,3,456.59,1369.77,363.91,Kochi,Kerala,UPI,Standard,6,2024-08
ORD-101444,2025-11-21,CUST-1653,Consumer,Electronics,Wireless Earbuds,1,3797.86,3797.86,517.54,Bengaluru,Karnataka,UPI,Standard,5,2025-11
ORD-101445,2025-09-29,CUST-1827,Consumer,Home & Kitchen,Bedsheet Set,3,1903.55,5710.65,1406.78,Mumbai,Maharashtra,Cash on Delivery,Same Day,1,2025-09
ORD-101446,2025-09-27,CUST-1200,Small Business,Grocery,Tea Powder Pack,1,547.28,547.28,74.63,Delhi,Delhi,UPI,Express,4,2025-09
ORD-101447,2024-05-10,CUST-1177,Consumer,Fashion,Denim Jeans,3,2425.43,7276.289999999999,2241.55,Hyderabad,Telangana,UPI,Express,4,2024-05
ORD-101448,2024-03-30,CUST-1060,Corporate,Home & Kitchen,Cookware Set,1,3473.55,3473.55,854.21,Mumbai,Maharashtra,UPI,Standard,5,2024-03
ORD-101449,2025-12-30,CUST-1333,Small Business,Fashion,Ethnic Saree,1,2501.2,2501.2,709.48,Bengaluru,Karnataka,UPI,Standard,7,2025-12
ORD-101450,2024-04-10,CUST-1995,Consumer,Grocery,Cooking Oil Can,1,1085.71,1085.71,91.79,Pune,Maharashtra,Debit Card,Standard,4,2024-04
ORD-101451,2024-04-05,CUST-1427,Corporate,Fashion,Denim Jeans,1,2374.36,2374.36,709.87,Kolkata,West Bengal,Net Banking,Express,3,2024-04
ORD-101452,2025-05-26,CUST-1763,Consumer,Electronics,Smartphone,1,23290.31,23290.31,2453.52,Pune,Maharashtra,UPI,Standard,6,2025-05
ORD-101453,2024-05-15,CUST-1752,Consumer,Electronics,Wireless Earbuds,2,3526.75,7053.5,1081.38,Chennai,Tamil Nadu,Cash on Delivery,Standard,6,2024-05
ORD-101454,2024-12-24,CUST-1016,Corporate,Home & Kitchen,Mixer Grinder,1,4089.58,4089.58,735.07,Hyderabad,Telangana,UPI,Standard,5,2024-12
ORD-101455,2024-07-05,CUST-1263,Small Business,Home & Kitchen,Cookware Set,1,3490.14,3490.14,688.44,Jaipur,Rajasthan,Credit Card,Standard,6,2024-07
ORD-101456,2025-03-22,CUST-1745,Small Business,Accessories,Travel Duffel Bag,1,2574.21,2574.21,702.08,Chennai,Tamil Nadu,UPI,Standard,8,2025-03
ORD-101457,2024-08-31,CUST-1569,Consumer,Beauty,Shampoo Combo,1,791.22,791.22,276.81,Pune,Maharashtra,Net Banking,Standard,4,2024-08
ORD-101458,2025-04-02,CUST-1747,Consumer,Home & Kitchen,Storage Containers,4,812.07,3248.28,653.14,Mumbai,Maharashtra,UPI,Standard,8,2025-04
ORD-101459,2025-08-26,CUST-1485,Consumer,Beauty,Sunscreen Lotion,3,594.21,1782.63,482.44,Mumbai,Maharashtra,UPI,Standard,6,2025-08
ORD-101460,2025-02-07,CUST-1607,Small Business,Home & Kitchen,Cookware Set,2,3871.67,7743.34,1564.53,Bengaluru,Karnataka,UPI,Express,3,2025-02
ORD-101461,2024-06-11,CUST-1437,Consumer,Beauty,Shampoo Combo,2,740.9,1481.8,435.31,Kolkata,West Bengal,UPI,Standard,8,2024-06
ORD-101462,2025-02-23,CUST-1342,Consumer,Accessories,Sunglasses,2,1326.87,2653.74,524.46,Chennai,Tamil Nadu,UPI,Standard,6,2025-02
ORD-101463,2024-11-26,CUST-1722,Consumer,Beauty,Face Serum,4,1201.07,4804.28,1395.22,Kochi,Kerala,Net Banking,Express,2,2024-11
ORD-101464,2024-11-26,CUST-1797,Corporate,Fashion,Women's Kurti,3,1973.42,5920.26,1720.35,Delhi,Delhi,UPI,Standard,6,2024-11
ORD-101465,2025-09-05,CUST-1857,Consumer,Electronics,Laptop,1,78151.79,78151.79,7089.48,Delhi,Delhi,Debit Card,Standard,4,2025-09
ORD-101466,2024-06-07,CUST-1581,Consumer,Fashion,Denim Jeans,1,2013.1,2013.1,441.49,Kolkata,West Bengal,Debit Card,Standard,7,2024-06
ORD-101467,2025-10-10,CUST-1383,Corporate,Fashion,Men's Casual Shirt,4,1630.99,6523.96,1899.18,Kochi,Kerala,Credit Card,Standard,5,2025-10
ORD-101468,2024-12-20,CUST-1648,Corporate,Fashion,Denim Jeans,1,2008.27,2008.27,458.5,Bengaluru,Karnataka,Credit Card,Standard,6,2024-12
ORD-101469,2025-02-08,CUST-1822,Consumer,Electronics,Wireless Earbuds,4,3915.51,15662.04,1830.93,Ahmedabad,Gujarat,Debit Card,Standard,7,2025-02
ORD-101470,2024-12-31,CUST-1091,Small Business,Electronics,Smartphone,5,23811.55,119057.75,19820.88,Lucknow,Uttar Pradesh,UPI,Standard,6,2024-12
ORD-101471,2025-01-14,CUST-1621,Consumer,Fashion,Women's Kurti,1,1589.37,1589.37,452.61,Kochi,Kerala,Credit Card,Standard,6,2025-01
ORD-101472,2025-11-24,CUST-1529,Corporate,Fashion,Men's Casual Shirt,2,1364.6,2729.2,722.04,Hyderabad,Telangana,UPI,Standard,5,2025-11
ORD-101473,2025-03-20,CUST-1227,Small Business,Home & Kitchen,Bedsheet Set,1,1977.19,1977.19,281.25,Delhi,Delhi,UPI,Standard,4,2025-03
ORD-101474,2025-02-24,CUST-1354,Consumer,Home & Kitchen,Air Fryer,3,7245.59,21736.77,4561.93,Bengaluru,Karnataka,Credit Card,Standard,5,2025-02
ORD-101475,2024-04-22,CUST-1136,Consumer,Home & Kitchen,Mixer Grinder,1,4087.64,4087.64,684.46,Kolkata,West Bengal,Net Banking,Standard,6,2024-04
ORD-101476,2024-09-17,CUST-1155,Consumer,Home & Kitchen,Storage Containers,1,1036.44,1036.44,205.77,Mumbai,Maharashtra,UPI,Standard,5,2024-09
ORD-101477,2024-01-19,CUST-1412,Consumer,Fashion,Running Shoes,3,3420.04,10260.119999999999,3237.23,Mumbai,Maharashtra,Debit Card,Same Day,1,2024-01
ORD-101478,2024-04-30,CUST-1826,Consumer,Accessories,Leather Wallet,3,895.46,2686.38,430.53,Pune,Maharashtra,Net Banking,Standard,4,2024-04
ORD-101479,2025-05-19,CUST-1511,Small Business,Beauty,Face Serum,2,966.11,1932.22,503.77,Hyderabad,Telangana,UPI,Standard,4,2025-05
ORD-101480,2024-01-27,CUST-1586,Corporate,Beauty,Face Serum,1,1055.36,1055.36,332.33,Bengaluru,Karnataka,UPI,Standard,4,2024-01
ORD-101481,2025-09-03,CUST-1455,Consumer,Electronics,Smart Watch,1,7885.68,7885.68,932.43,Delhi,Delhi,UPI,Express,4,2025-09
ORD-101482,2024-09-02,CUST-1236,Corporate,Accessories,Sunglasses,1,1639.33,1639.33,292.78,Chennai,Tamil Nadu,Cash on Delivery,Standard,6,2024-09
ORD-101483,2024-10-05,CUST-1729,Corporate,Beauty,Shampoo Combo,1,990.26,990.26,260.8,Bengaluru,Karnataka,Credit Card,Express,3,2024-10
ORD-101484,2024-10-01,CUST-1863,Consumer,Fashion,Men's Casual Shirt,2,1254.94,2509.88,751.91,Kochi,Kerala,Cash on Delivery,Express,4,2024-10
ORD-101485,2024-12-16,CUST-1439,Small Business,Fashion,Men's Casual Shirt,1,1389.2,1389.2,424.5,Chennai,Tamil Nadu,UPI,Standard,8,2024-12
ORD-101486,2024-06-19,CUST-1829,Consumer,Grocery,Cooking Oil Can,1,1002.68,1002.68,68.84,Kochi,Kerala,UPI,Express,2,2024-06
ORD-101487,2024-09-27,CUST-1087,Consumer,Accessories,Leather Wallet,2,1015.69,2031.38,406.47,Delhi,Delhi,Net Banking,Standard,8,2024-09
ORD-101488,2024-05-27,CUST-1882,Consumer,Electronics,Smartphone,1,22764.12,22764.12,3376.51,Kolkata,West Bengal,UPI,Standard,4,2024-05
ORD-101489,2024-03-17,CUST-1001,Consumer,Fashion,Women's Kurti,1,1539.34,1539.34,346.83,Hyderabad,Telangana,Cash on Delivery,Standard,7,2024-03
ORD-101490,2025-05-09,CUST-1494,Consumer,Fashion,Running Shoes,1,3329.42,3329.42,907.59,Delhi,Delhi,Credit Card,Standard,8,2025-05
ORD-101491,2024-04-06,CUST-1907,Corporate,Grocery,Tea Powder Pack,2,401.27,802.54,67.4,Hyderabad,Telangana,UPI,Express,2,2024-04
ORD-101492,2024-09-19,CUST-1815,Corporate,Grocery,Dry Fruit Box,2,1669.9,3339.8,442.51,Jaipur,Rajasthan,UPI,Standard,4,2024-09
ORD-101493,2024-08-22,CUST-1192,Consumer,Home & Kitchen,Air Fryer,1,7598.46,7598.46,1940.34,Pune,Maharashtra,Credit Card,Express,4,2024-08
ORD-101494,2025-04-18,CUST-1143,Consumer,Home & Kitchen,Air Fryer,1,7121.42,7121.42,1508.34,Kochi,Kerala,UPI,Express,3,2025-04
ORD-101495,2025-06-06,CUST-1698,Corporate,Beauty,Face Serum,2,1046.85,2093.7,637.51,Chennai,Tamil Nadu,Credit Card,Standard,8,2025-06
ORD-101496,2024-11-30,CUST-1929,Corporate,Electronics,Wireless Earbuds,4,4189.49,16757.96,2018.1,Delhi,Delhi,UPI,Express,3,2024-11
ORD-101497,2025-08-08,CUST-1951,Consumer,Accessories,Phone Case,1,460.67,460.67,125.82,Hyderabad,Telangana,Cash on Delivery,Express,2,2025-08
ORD-101498,2025-02-24,CUST-1779,Consumer,Beauty,Hair Dryer,2,2041.41,4082.82,1418.42,Bengaluru,Karnataka,Credit Card,Standard,7,2025-02
ORD-101499,2025-07-26,CUST-1964,Small Business,Fashion,Women's Kurti,1,1637.54,1637.54,485.66,Delhi,Delhi,Cash on Delivery,Standard,5,2025-07
ORD-101500,2025-11-15,CUST-1917,Small Business,Accessories,Sunglasses,3,1711.9,5135.700000000001,1238.83,Kolkata,West Bengal,Net Banking,Standard,7,2025-11
